[2024-12-25 14:52:08 +0545] [10519] [INFO] Starting gunicorn 23.0.0
[2024-12-25 14:52:08 +0545] [10519] [INFO] Listening at: http://0.0.0.0:8000 (10519)
[2024-12-25 14:52:08 +0545] [10519] [INFO] Using worker: sync
[2024-12-25 14:52:08 +0545] [10522] [INFO] Booting worker with pid: 10522
[2024-12-25 14:52:08 +0545] [10523] [INFO] Booting worker with pid: 10523
[2024-12-25 14:52:08 +0545] [10524] [INFO] Booting worker with pid: 10524
[2024-12-25 14:52:08 +0545] [10525] [INFO] Booting worker with pid: 10525
[2024-12-25 14:52:09 +0545] [10526] [INFO] Booting worker with pid: 10526
[2024-12-25 14:52:09 +0545] [10527] [INFO] Booting worker with pid: 10527
[2024-12-25 14:52:09 +0545] [10528] [INFO] Booting worker with pid: 10528
[2024-12-25 14:52:09 +0545] [10529] [INFO] Booting worker with pid: 10529
[2024-12-25 14:52:09 +0545] [10535] [INFO] Booting worker with pid: 10535
[2024-12-25 14:52:09 +0545] [10536] [INFO] Booting worker with pid: 10536
[2024-12-25 14:52:09 +0545] [10538] [INFO] Booting worker with pid: 10538
[2024-12-25 14:52:09 +0545] [10540] [INFO] Booting worker with pid: 10540
[2024-12-25 14:52:09 +0545] [10554] [INFO] Booting worker with pid: 10554
[2024-12-25 14:52:09 +0545] [10574] [INFO] Booting worker with pid: 10574
[2024-12-25 14:52:09 +0545] [10576] [INFO] Booting worker with pid: 10576
[2024-12-25 14:52:09 +0545] [10580] [INFO] Booting worker with pid: 10580
[2024-12-25 14:52:09 +0545] [10583] [INFO] Booting worker with pid: 10583
[2024-12-25 14:52:09 +0545] [10585] [INFO] Booting worker with pid: 10585
[2024-12-25 14:52:10 +0545] [10587] [INFO] Booting worker with pid: 10587
[2024-12-25 14:52:10 +0545] [10588] [INFO] Booting worker with pid: 10588
[2024-12-25 14:52:10 +0545] [10589] [INFO] Booting worker with pid: 10589
[2024-12-25 14:52:10 +0545] [10591] [INFO] Booting worker with pid: 10591
[2024-12-25 14:52:10 +0545] [10593] [INFO] Booting worker with pid: 10593
[2024-12-25 14:52:10 +0545] [10594] [INFO] Booting worker with pid: 10594
[2024-12-25 14:52:10 +0545] [10599] [INFO] Booting worker with pid: 10599
[2024-12-25 14:52:10 +0545] [10600] [INFO] Booting worker with pid: 10600
[2024-12-25 14:52:10 +0545] [10602] [INFO] Booting worker with pid: 10602
[2024-12-25 14:52:10 +0545] [10607] [INFO] Booting worker with pid: 10607
[2024-12-25 14:52:10 +0545] [10609] [INFO] Booting worker with pid: 10609
[2024-12-25 14:52:10 +0545] [10610] [INFO] Booting worker with pid: 10610
[2024-12-25 14:52:10 +0545] [10611] [INFO] Booting worker with pid: 10611
[2024-12-25 14:52:10 +0545] [10615] [INFO] Booting worker with pid: 10615
[2024-12-25 14:52:10 +0545] [10650] [INFO] Booting worker with pid: 10650
[2024-12-25 14:52:25 +0545] [10519] [INFO] Handling signal: winch
[2024-12-25 14:52:25 +0545] [10519] [INFO] Handling signal: winch
[2024-12-25 14:52:25 +0545] [10519] [INFO] Handling signal: winch
[2024-12-25 14:52:25 +0545] [10519] [INFO] Handling signal: winch
[2024-12-25 14:52:25 +0545] [10519] [INFO] Handling signal: winch
[2024-12-25 14:52:25 +0545] [10519] [INFO] Handling signal: winch
[2024-12-25 14:52:26 +0545] [10519] [INFO] Handling signal: winch
[2024-12-25 14:52:26 +0545] [10519] [INFO] Handling signal: winch
[2024-12-25 14:52:26 +0545] [10519] [INFO] Handling signal: winch
[2024-12-25 14:52:26 +0545] [10519] [INFO] Handling signal: winch
[2024-12-25 14:52:26 +0545] [10519] [INFO] Handling signal: winch
[2024-12-25 14:52:59 +0545] [10519] [INFO] Handling signal: int
[2024-12-25 09:07:59 +0000] [10527] [INFO] Worker exiting (pid: 10527)
[2024-12-25 09:07:59 +0000] [10600] [INFO] Worker exiting (pid: 10600)
[2024-12-25 09:07:59 +0000] [10554] [INFO] Worker exiting (pid: 10554)
[2024-12-25 09:07:59 +0000] [10574] [INFO] Worker exiting (pid: 10574)
[2024-12-25 09:07:59 +0000] [10594] [INFO] Worker exiting (pid: 10594)
[2024-12-25 09:07:59 +0000] [10529] [INFO] Worker exiting (pid: 10529)
[2024-12-25 09:07:59 +0000] [10589] [INFO] Worker exiting (pid: 10589)
[2024-12-25 09:07:59 +0000] [10580] [INFO] Worker exiting (pid: 10580)
[2024-12-25 09:07:59 +0000] [10585] [INFO] Worker exiting (pid: 10585)
[2024-12-25 09:07:59 +0000] [10607] [INFO] Worker exiting (pid: 10607)
[2024-12-25 09:07:59 +0000] [10536] [INFO] Worker exiting (pid: 10536)
[2024-12-25 09:07:59 +0000] [10526] [INFO] Worker exiting (pid: 10526)
[2024-12-25 09:07:59 +0000] [10583] [INFO] Worker exiting (pid: 10583)
[2024-12-25 09:07:59 +0000] [10602] [INFO] Worker exiting (pid: 10602)
[2024-12-25 09:07:59 +0000] [10524] [INFO] Worker exiting (pid: 10524)
[2024-12-25 09:07:59 +0000] [10528] [INFO] Worker exiting (pid: 10528)
[2024-12-25 09:07:59 +0000] [10535] [INFO] Worker exiting (pid: 10535)
[2024-12-25 09:07:59 +0000] [10587] [INFO] Worker exiting (pid: 10587)
[2024-12-25 09:07:59 +0000] [10540] [INFO] Worker exiting (pid: 10540)
[2024-12-25 09:07:59 +0000] [10525] [INFO] Worker exiting (pid: 10525)
[2024-12-25 09:07:59 +0000] [10610] [INFO] Worker exiting (pid: 10610)
[2024-12-25 09:07:59 +0000] [10591] [INFO] Worker exiting (pid: 10591)
[2024-12-25 09:07:59 +0000] [10611] [INFO] Worker exiting (pid: 10611)
[2024-12-25 09:07:59 +0000] [10609] [INFO] Worker exiting (pid: 10609)
[2024-12-25 09:07:59 +0000] [10588] [INFO] Worker exiting (pid: 10588)
[2024-12-25 09:07:59 +0000] [10538] [INFO] Worker exiting (pid: 10538)
[2024-12-25 09:07:59 +0000] [10522] [INFO] Worker exiting (pid: 10522)
[2024-12-25 09:07:59 +0000] [10593] [INFO] Worker exiting (pid: 10593)
[2024-12-25 09:07:59 +0000] [10576] [INFO] Worker exiting (pid: 10576)
[2024-12-25 09:07:59 +0000] [10599] [INFO] Worker exiting (pid: 10599)
[2024-12-25 09:07:59 +0000] [10615] [INFO] Worker exiting (pid: 10615)
[2024-12-25 09:07:59 +0000] [10523] [INFO] Worker exiting (pid: 10523)
[2024-12-25 09:07:59 +0000] [10650] [INFO] Worker exiting (pid: 10650)
[2024-12-25 14:53:00 +0545] [10519] [INFO] Shutting down: Master
[2024-12-25 14:53:03 +0545] [10980] [INFO] Starting gunicorn 23.0.0
[2024-12-25 14:53:03 +0545] [10980] [INFO] Listening at: http://0.0.0.0:8000 (10980)
[2024-12-25 14:53:03 +0545] [10980] [INFO] Using worker: sync
[2024-12-25 14:53:03 +0545] [10982] [INFO] Booting worker with pid: 10982
[2024-12-25 14:53:03 +0545] [10983] [INFO] Booting worker with pid: 10983
[2024-12-25 14:53:03 +0545] [10984] [INFO] Booting worker with pid: 10984
[2024-12-25 14:53:03 +0545] [10985] [INFO] Booting worker with pid: 10985
[2024-12-25 14:53:03 +0545] [10986] [INFO] Booting worker with pid: 10986
[2024-12-25 14:53:03 +0545] [10989] [INFO] Booting worker with pid: 10989
[2024-12-25 14:53:03 +0545] [10991] [INFO] Booting worker with pid: 10991
[2024-12-25 14:53:03 +0545] [10992] [INFO] Booting worker with pid: 10992
[2024-12-25 14:53:04 +0545] [10994] [INFO] Booting worker with pid: 10994
[2024-12-25 14:53:04 +0545] [10997] [INFO] Booting worker with pid: 10997
[2024-12-25 14:53:04 +0545] [11008] [INFO] Booting worker with pid: 11008
[2024-12-25 14:53:04 +0545] [11024] [INFO] Booting worker with pid: 11024
[2024-12-25 14:53:04 +0545] [11026] [INFO] Booting worker with pid: 11026
[2024-12-25 14:53:04 +0545] [11027] [INFO] Booting worker with pid: 11027
[2024-12-25 14:53:04 +0545] [11029] [INFO] Booting worker with pid: 11029
[2024-12-25 14:53:04 +0545] [11030] [INFO] Booting worker with pid: 11030
[2024-12-25 14:53:04 +0545] [11033] [INFO] Booting worker with pid: 11033
[2024-12-25 14:53:04 +0545] [11035] [INFO] Booting worker with pid: 11035
[2024-12-25 14:53:04 +0545] [11037] [INFO] Booting worker with pid: 11037
[2024-12-25 14:53:04 +0545] [11039] [INFO] Booting worker with pid: 11039
[2024-12-25 14:53:04 +0545] [11041] [INFO] Booting worker with pid: 11041
[2024-12-25 14:53:04 +0545] [11046] [INFO] Booting worker with pid: 11046
[2024-12-25 14:53:04 +0545] [11047] [INFO] Booting worker with pid: 11047
[2024-12-25 14:53:04 +0545] [11049] [INFO] Booting worker with pid: 11049
[2024-12-25 14:53:05 +0545] [11054] [INFO] Booting worker with pid: 11054
[2024-12-25 14:53:05 +0545] [11056] [INFO] Booting worker with pid: 11056
[2024-12-25 14:53:05 +0545] [11058] [INFO] Booting worker with pid: 11058
[2024-12-25 14:53:05 +0545] [11059] [INFO] Booting worker with pid: 11059
[2024-12-25 14:53:05 +0545] [11092] [INFO] Booting worker with pid: 11092
[2024-12-25 14:53:05 +0545] [11132] [INFO] Booting worker with pid: 11132
[2024-12-25 14:53:05 +0545] [11133] [INFO] Booting worker with pid: 11133
[2024-12-25 14:53:05 +0545] [11135] [INFO] Booting worker with pid: 11135
[2024-12-25 14:53:05 +0545] [11136] [INFO] Booting worker with pid: 11136
[2024-12-25 09:09:39 +0000] [10991] [INFO] Worker reloading: /home/chlorine/BidZone_2.0/src/bidzone/wsgi.py modified
[2024-12-25 09:09:39 +0000] [10991] [INFO] Worker exiting (pid: 10991)
[2024-12-25 14:54:39 +0545] [11561] [INFO] Booting worker with pid: 11561
[2024-12-25 09:09:39 +0000] [11026] [INFO] Worker reloading: /home/chlorine/BidZone_2.0/src/bidzone/wsgi.py modified
[2024-12-25 09:09:39 +0000] [11026] [INFO] Worker exiting (pid: 11026)
[2024-12-25 09:09:39 +0000] [11046] [INFO] Worker reloading: /home/chlorine/BidZone_2.0/src/bidzone/wsgi.py modified
[2024-12-25 09:09:39 +0000] [11056] [INFO] Worker reloading: /home/chlorine/BidZone_2.0/src/bidzone/wsgi.py modified
[2024-12-25 09:09:39 +0000] [11046] [INFO] Worker exiting (pid: 11046)
[2024-12-25 09:09:39 +0000] [11056] [INFO] Worker exiting (pid: 11056)
[2024-12-25 09:09:39 +0000] [11030] [INFO] Worker reloading: /home/chlorine/BidZone_2.0/src/bidzone/wsgi.py modified
[2024-12-25 09:09:39 +0000] [11030] [INFO] Worker exiting (pid: 11030)
[2024-12-25 09:09:39 +0000] [11027] [INFO] Worker reloading: /home/chlorine/BidZone_2.0/src/bidzone/wsgi.py modified
[2024-12-25 09:09:39 +0000] [11027] [INFO] Worker exiting (pid: 11027)
[2024-12-25 09:09:39 +0000] [11132] [INFO] Worker reloading: /home/chlorine/BidZone_2.0/src/bidzone/wsgi.py modified
[2024-12-25 09:09:39 +0000] [11059] [INFO] Worker reloading: /home/chlorine/BidZone_2.0/src/bidzone/wsgi.py modified
[2024-12-25 09:09:39 +0000] [11035] [INFO] Worker reloading: /home/chlorine/BidZone_2.0/src/bidzone/wsgi.py modified
[2024-12-25 09:09:39 +0000] [11059] [INFO] Worker exiting (pid: 11059)
[2024-12-25 09:09:39 +0000] [11132] [INFO] Worker exiting (pid: 11132)
[2024-12-25 09:09:39 +0000] [11035] [INFO] Worker exiting (pid: 11035)
[2024-12-25 09:09:39 +0000] [11047] [INFO] Worker reloading: /home/chlorine/BidZone_2.0/src/bidzone/wsgi.py modified
[2024-12-25 09:09:39 +0000] [11047] [INFO] Worker exiting (pid: 11047)
[2024-12-25 14:54:39 +0545] [11562] [INFO] Booting worker with pid: 11562
[2024-12-25 09:09:39 +0000] [10997] [INFO] Worker reloading: /home/chlorine/BidZone_2.0/src/bidzone/wsgi.py modified
[2024-12-25 09:09:39 +0000] [10997] [INFO] Worker exiting (pid: 10997)
[2024-12-25 09:09:39 +0000] [11136] [INFO] Worker reloading: /home/chlorine/BidZone_2.0/src/bidzone/wsgi.py modified
[2024-12-25 14:54:39 +0545] [11563] [INFO] Booting worker with pid: 11563
[2024-12-25 09:09:39 +0000] [11136] [INFO] Worker exiting (pid: 11136)
[2024-12-25 14:54:39 +0545] [11564] [INFO] Booting worker with pid: 11564
[2024-12-25 14:54:40 +0545] [10980] [ERROR] Worker (pid:11027) was sent SIGINT!
[2024-12-25 14:54:40 +0545] [10980] [ERROR] Worker (pid:11136) was sent SIGINT!
[2024-12-25 14:54:40 +0545] [10980] [ERROR] Worker (pid:11059) was sent SIGINT!
[2024-12-25 14:54:40 +0545] [10980] [ERROR] Worker (pid:10997) was sent SIGINT!
[2024-12-25 14:54:40 +0545] [10980] [ERROR] Worker (pid:11047) was sent SIGINT!
[2024-12-25 14:54:40 +0545] [10980] [ERROR] Worker (pid:11132) was sent SIGINT!
[2024-12-25 14:54:40 +0545] [10980] [ERROR] Worker (pid:11035) was sent SIGINT!
[2024-12-25 09:09:40 +0000] [10984] [INFO] Worker reloading: /home/chlorine/BidZone_2.0/src/bidzone/wsgi.py modified
[2024-12-25 09:09:40 +0000] [11058] [INFO] Worker reloading: /home/chlorine/BidZone_2.0/src/bidzone/wsgi.py modified
[2024-12-25 09:09:40 +0000] [11033] [INFO] Worker reloading: /home/chlorine/BidZone_2.0/src/bidzone/wsgi.py modified
[2024-12-25 14:54:40 +0545] [10980] [INFO] Handling signal: int
[2024-12-25 09:09:40 +0000] [10994] [INFO] Worker reloading: /home/chlorine/BidZone_2.0/src/bidzone/wsgi.py modified
[2024-12-25 09:09:40 +0000] [10983] [INFO] Worker reloading: /home/chlorine/BidZone_2.0/src/bidzone/wsgi.py modified
[2024-12-25 09:09:40 +0000] [11092] [INFO] Worker reloading: /home/chlorine/BidZone_2.0/src/bidzone/wsgi.py modified
[2024-12-25 09:09:40 +0000] [10984] [INFO] Worker exiting (pid: 10984)
[2024-12-25 09:09:40 +0000] [11033] [INFO] Worker exiting (pid: 11033)
[2024-12-25 09:09:40 +0000] [11561] [INFO] Worker exiting (pid: 11561)
[2024-12-25 09:09:40 +0000] [11008] [INFO] Worker exiting (pid: 11008)
[2024-12-25 09:09:40 +0000] [11029] [INFO] Worker exiting (pid: 11029)
[2024-12-25 14:54:40 +0545] [11563] [INFO] Worker exiting (pid: 11563)
[2024-12-25 09:09:40 +0000] [10985] [INFO] Worker exiting (pid: 10985)
[2024-12-25 09:09:40 +0000] [11058] [INFO] Worker exiting (pid: 11058)
[2024-12-25 09:09:40 +0000] [10983] [INFO] Worker exiting (pid: 10983)
[2024-12-25 09:09:40 +0000] [11092] [INFO] Worker exiting (pid: 11092)
[2024-12-25 09:09:40 +0000] [11133] [INFO] Worker exiting (pid: 11133)
[2024-12-25 09:09:40 +0000] [10986] [INFO] Worker exiting (pid: 10986)
[2024-12-25 09:09:40 +0000] [10994] [INFO] Worker exiting (pid: 10994)
[2024-12-25 09:09:40 +0000] [11049] [INFO] Worker exiting (pid: 11049)
[2024-12-25 09:09:40 +0000] [10982] [INFO] Worker exiting (pid: 10982)
[2024-12-25 14:54:40 +0545] [11562] [INFO] Worker exiting (pid: 11562)
[2024-12-25 09:09:40 +0000] [11054] [INFO] Worker exiting (pid: 11054)
[2024-12-25 09:09:40 +0000] [10989] [INFO] Worker exiting (pid: 10989)
[2024-12-25 09:09:40 +0000] [11039] [INFO] Worker exiting (pid: 11039)
[2024-12-25 09:09:40 +0000] [10992] [INFO] Worker exiting (pid: 10992)
[2024-12-25 09:09:40 +0000] [11024] [INFO] Worker exiting (pid: 11024)
[2024-12-25 09:09:40 +0000] [11135] [INFO] Worker exiting (pid: 11135)
[2024-12-25 09:09:40 +0000] [11041] [INFO] Worker exiting (pid: 11041)
[2024-12-25 09:09:40 +0000] [11037] [INFO] Worker exiting (pid: 11037)
[2024-12-25 14:54:40 +0545] [11564] [INFO] Worker exiting (pid: 11564)
[2024-12-25 14:54:40 +0545] [10980] [INFO] Shutting down: Master
[2024-12-25 14:55:07 +0545] [11776] [INFO] Starting gunicorn 23.0.0
[2024-12-25 14:55:07 +0545] [11776] [INFO] Listening at: http://0.0.0.0:8000 (11776)
[2024-12-25 14:55:07 +0545] [11776] [INFO] Using worker: sync
[2024-12-25 14:55:07 +0545] [11778] [INFO] Booting worker with pid: 11778
[2024-12-25 14:55:07 +0545] [11779] [INFO] Booting worker with pid: 11779
[2024-12-25 14:55:07 +0545] [11786] [INFO] Booting worker with pid: 11786
[2024-12-25 14:55:07 +0545] [11787] [INFO] Booting worker with pid: 11787
[2024-12-25 14:55:07 +0545] [11788] [INFO] Booting worker with pid: 11788
[2024-12-25 14:55:07 +0545] [11792] [INFO] Booting worker with pid: 11792
[2024-12-25 14:55:07 +0545] [11794] [INFO] Booting worker with pid: 11794
[2024-12-25 14:55:07 +0545] [11796] [INFO] Booting worker with pid: 11796
[2024-12-25 14:55:07 +0545] [11798] [INFO] Booting worker with pid: 11798
[2024-12-25 14:55:08 +0545] [11800] [INFO] Booting worker with pid: 11800
[2024-12-25 14:55:08 +0545] [11801] [INFO] Booting worker with pid: 11801
[2024-12-25 14:55:08 +0545] [11803] [INFO] Booting worker with pid: 11803
[2024-12-25 14:55:08 +0545] [11804] [INFO] Booting worker with pid: 11804
[2024-12-25 14:55:08 +0545] [11806] [INFO] Booting worker with pid: 11806
[2024-12-25 14:55:08 +0545] [11807] [INFO] Booting worker with pid: 11807
[2024-12-25 14:55:08 +0545] [11810] [INFO] Booting worker with pid: 11810
[2024-12-25 14:55:08 +0545] [11811] [INFO] Booting worker with pid: 11811
[2024-12-25 14:55:08 +0545] [11814] [INFO] Booting worker with pid: 11814
[2024-12-25 14:55:08 +0545] [11816] [INFO] Booting worker with pid: 11816
[2024-12-25 14:55:08 +0545] [11824] [INFO] Booting worker with pid: 11824
[2024-12-25 14:55:08 +0545] [11853] [INFO] Booting worker with pid: 11853
[2024-12-25 14:55:08 +0545] [11854] [INFO] Booting worker with pid: 11854
[2024-12-25 14:55:08 +0545] [11855] [INFO] Booting worker with pid: 11855
[2024-12-25 14:55:08 +0545] [11857] [INFO] Booting worker with pid: 11857
[2024-12-25 14:55:08 +0545] [11859] [INFO] Booting worker with pid: 11859
[2024-12-25 14:55:08 +0545] [11860] [INFO] Booting worker with pid: 11860
[2024-12-25 14:55:08 +0545] [11862] [INFO] Booting worker with pid: 11862
[2024-12-25 14:55:08 +0545] [11863] [INFO] Booting worker with pid: 11863
[2024-12-25 14:55:09 +0545] [11867] [INFO] Booting worker with pid: 11867
[2024-12-25 14:55:09 +0545] [11869] [INFO] Booting worker with pid: 11869
[2024-12-25 14:55:09 +0545] [11873] [INFO] Booting worker with pid: 11873
[2024-12-25 14:55:09 +0545] [11875] [INFO] Booting worker with pid: 11875
[2024-12-25 14:55:09 +0545] [11876] [INFO] Booting worker with pid: 11876
Not Found: /static/admin/css/base.css
Not Found: /static/admin/css/dark_mode.css
Not Found: /static/admin/js/theme.js
Not Found: /static/admin/css/dashboard.css
Not Found: /static/admin/css/nav_sidebar.css
Not Found: /static/debug_toolbar/css/toolbar.css
Not Found: /static/admin/css/responsive.css
Not Found: /static/debug_toolbar/js/timer.js
Not Found: /static/debug_toolbar/js/toolbar.js
Not Found: /static/admin/js/nav_sidebar.js
Not Found: /static/debug_toolbar/css/print.css
Not Found: /favicon.ico
Not Found: /
Not Found: /static/debug_toolbar/css/toolbar.css
Not Found: /static/debug_toolbar/js/toolbar.js
Not Found: /static/debug_toolbar/css/print.css
Not Found: /static/debug_toolbar/js/timer.js
Not Found: /static/debug_toolbar/js/timer.js
Not Found: /static/debug_toolbar/js/toolbar.js
Not Found: /static/debug_toolbar/css/toolbar.css
Not Found: /static/debug_toolbar/css/print.css
/home/chlorine/BidZone_2.0/src/auction/serializers.py: Warning [AuctionViewSet > AuctionSerializer > SimpleProductSerializer > SimpleCustomerSerializer]: unable to resolve type hint for function "first_name". Consider using a type hint or @extend_schema_field. Defaulting to string.
/home/chlorine/BidZone_2.0/src/auction/serializers.py: Warning [AuctionViewSet > AuctionSerializer > SimpleProductSerializer > SimpleCustomerSerializer]: unable to resolve type hint for function "last_name". Consider using a type hint or @extend_schema_field. Defaulting to string.
/home/chlorine/BidZone_2.0/src/auction/views.py: Warning [BidsViewSet]: could not derive type of path parameter "auction_pk" because it is untyped and obtaining queryset from the viewset failed. Consider adding a type to the path (e.g. <int:auction_pk>) or annotating the parameter type with @extend_schema. Defaulting to "string".
/home/chlorine/BidZone_2.0/src/auction/serializers.py: Warning [BidsViewSet > BidsSerializer > BidsCustomerSerializer]: unable to resolve type hint for function "first_name". Consider using a type hint or @extend_schema_field. Defaulting to string.
/home/chlorine/BidZone_2.0/src/auction/views.py: Warning [BidsViewSet]: could not derive type of path parameter "id" because it is untyped and obtaining queryset from the viewset failed. Consider adding a type to the path (e.g. <int:id>) or annotating the parameter type with @extend_schema. Defaulting to "string".
/home/chlorine/BidZone_2.0/src/auction/views.py: Warning [AuctionQuestionViewSet]: could not derive type of path parameter "auction_pk" because it is untyped and obtaining queryset from the viewset failed. Consider adding a type to the path (e.g. <int:auction_pk>) or annotating the parameter type with @extend_schema. Defaulting to "string".
/home/chlorine/BidZone_2.0/src/auction/views.py: Warning [AuctionQuestionViewSet]: could not derive type of path parameter "id" because it is untyped and obtaining queryset from the viewset failed. Consider adding a type to the path (e.g. <int:id>) or annotating the parameter type with @extend_schema. Defaulting to "string".
/home/chlorine/BidZone_2.0/src/auction/views.py: Warning [AuctionAnswerViewSet]: could not derive type of path parameter "auction_pk" because it is untyped and obtaining queryset from the viewset failed. Consider adding a type to the path (e.g. <int:auction_pk>) or annotating the parameter type with @extend_schema. Defaulting to "string".
/home/chlorine/BidZone_2.0/src/auction/views.py: Warning [AuctionAnswerViewSet]: could not derive type of path parameter "question_pk" because it is untyped and obtaining queryset from the viewset failed. Consider adding a type to the path (e.g. <int:question_pk>) or annotating the parameter type with @extend_schema. Defaulting to "string".
/home/chlorine/BidZone_2.0/src/auction/views.py: Warning [AuctionAnswerViewSet]: could not derive type of path parameter "id" because it is untyped and obtaining queryset from the viewset failed. Consider adding a type to the path (e.g. <int:id>) or annotating the parameter type with @extend_schema. Defaulting to "string".
/home/chlorine/BidZone_2.0/src/auction/serializers.py: Warning [CustomerViewSet > CustomerSerializer]: unable to resolve type hint for function "first_name". Consider using a type hint or @extend_schema_field. Defaulting to string.
/home/chlorine/BidZone_2.0/src/auction/serializers.py: Warning [CustomerViewSet > CustomerSerializer]: unable to resolve type hint for function "last_name". Consider using a type hint or @extend_schema_field. Defaulting to string.
/home/chlorine/BidZone_2.0/src/auction/serializers.py: Warning [CustomerViewSet > CustomerSerializer]: unable to resolve type hint for function "username". Consider using a type hint or @extend_schema_field. Defaulting to string.
/home/chlorine/BidZone_2.0/src/auction/serializers.py: Warning [CustomerViewSet > CustomerSerializer]: unable to resolve type hint for function "email". Consider using a type hint or @extend_schema_field. Defaulting to string.
/home/chlorine/BidZone_2.0/src/auction/serializers.py: Warning [CustomerViewSet > CustomerSerializer]: unable to resolve type hint for function "get_user_balance". Consider using a type hint or @extend_schema_field. Defaulting to string.
/home/chlorine/BidZone_2.0/src/auction/views.py: Warning [AddressViewSet]: could not derive type of path parameter "customer_pk" because it is untyped and obtaining queryset from the viewset failed. Consider adding a type to the path (e.g. <int:customer_pk>) or annotating the parameter type with @extend_schema. Defaulting to "string".
/home/chlorine/BidZone_2.0/src/auction/views.py: Warning [AddressViewSet]: could not derive type of path parameter "id" because it is untyped and obtaining queryset from the viewset failed. Consider adding a type to the path (e.g. <int:id>) or annotating the parameter type with @extend_schema. Defaulting to "string".
/home/chlorine/BidZone_2.0/src/auction/views.py: Warning [CustomerCoinViewSet]: could not derive type of path parameter "customer_pk" because it is untyped and obtaining queryset from the viewset failed. Consider adding a type to the path (e.g. <int:customer_pk>) or annotating the parameter type with @extend_schema. Defaulting to "string".
/home/chlorine/BidZone_2.0/src/auction/views.py: Warning [CustomerCoinViewSet]: could not derive type of path parameter "id" because it is untyped and obtaining queryset from the viewset failed. Consider adding a type to the path (e.g. <int:id>) or annotating the parameter type with @extend_schema. Defaulting to "string".
/home/chlorine/BidZone_2.0/src/auction/views.py: Warning [DeliveryViewSet]: could not derive type of path parameter "customer_pk" because it is untyped and obtaining queryset from the viewset failed. Consider adding a type to the path (e.g. <int:customer_pk>) or annotating the parameter type with @extend_schema. Defaulting to "string".
/home/chlorine/BidZone_2.0/src/auction/views.py: Warning [DeliveryViewSet]: could not derive type of path parameter "id" because it is untyped and obtaining queryset from the viewset failed. Consider adding a type to the path (e.g. <int:id>) or annotating the parameter type with @extend_schema. Defaulting to "string".
/home/chlorine/BidZone_2.0/src/auction/views.py: Warning [ProductImageViewSet]: could not derive type of path parameter "customer_pk" because it is untyped and obtaining queryset from the viewset failed. Consider adding a type to the path (e.g. <int:customer_pk>) or annotating the parameter type with @extend_schema. Defaulting to "string".
/home/chlorine/BidZone_2.0/src/auction/views.py: Warning [ProductImageViewSet]: could not derive type of path parameter "product_pk" because it is untyped and obtaining queryset from the viewset failed. Consider adding a type to the path (e.g. <int:product_pk>) or annotating the parameter type with @extend_schema. Defaulting to "string".
/home/chlorine/BidZone_2.0/src/auction/views.py: Warning [ProductImageViewSet]: could not derive type of path parameter "id" because it is untyped and obtaining queryset from the viewset failed. Consider adding a type to the path (e.g. <int:id>) or annotating the parameter type with @extend_schema. Defaulting to "string".
/home/chlorine/BidZone_2.0/src/auction/views.py: Warning [ReviewViewSet]: could not derive type of path parameter "customer_pk" because it is untyped and obtaining queryset from the viewset failed. Consider adding a type to the path (e.g. <int:customer_pk>) or annotating the parameter type with @extend_schema. Defaulting to "string".
/home/chlorine/BidZone_2.0/src/auction/views.py: Warning [ReviewViewSet]: could not derive type of path parameter "id" because it is untyped and obtaining queryset from the viewset failed. Consider adding a type to the path (e.g. <int:id>) or annotating the parameter type with @extend_schema. Defaulting to "string".
/home/chlorine/BidZone_2.0/src/auction/views.py: Warning [TransactionViewSet]: could not derive type of path parameter "customer_pk" because model "src.auction.models.Transaction" contained no such field. Consider annotating parameter with @extend_schema. Defaulting to "string".
/home/chlorine/BidZone_2.0/src/auction/views.py: Warning [WishlistItemViewSet]: could not derive type of path parameter "wishlist_pk" because it is untyped and obtaining queryset from the viewset failed. Consider adding a type to the path (e.g. <int:wishlist_pk>) or annotating the parameter type with @extend_schema. Defaulting to "string".
/home/chlorine/BidZone_2.0/src/auction/views.py: Warning [WishlistItemViewSet]: Failed to obtain model through view's queryset due to raised exception. Prevent this either by setting "queryset = Model.objects.none()" on the view, checking for "getattr(self, "swagger_fake_view", False)" in get_queryset() or by simply using @extend_schema. (Exception: 'wishlist_pk')
/home/chlorine/BidZone_2.0/src/auction/views.py: Warning [WishlistItemViewSet]: could not derive type of path parameter "id" because it is untyped and obtaining queryset from the viewset failed. Consider adding a type to the path (e.g. <int:id>) or annotating the parameter type with @extend_schema. Defaulting to "string".
/home/chlorine/BidZone_2.0/src/core/serializers.py: Warning [UserViewSet > UserSerializer]: Encountered 2 components with identical names "User" and different identities <class 'src.core.serializers.UserSerializer'> and <class 'djoser.serializers.UserSerializer'>. This will very likely result in an incorrect schema. Try renaming one.
/home/chlorine/BidZone_2.0/src/core/serializers.py: Warning [UserViewSet > UserSerializer]: Encountered 2 components with identical names "PatchedUser" and different identities <class 'src.core.serializers.UserSerializer'> and <class 'djoser.serializers.UserSerializer'>. This will very likely result in an incorrect schema. Try renaming one.
Warning: operationId "api_auctions_retrieve" has collisions [('/api/auctions/{auction_id}/', 'get'), ('/api/auctions/{id}/', 'get'), ('/api/auctions/{slug}/', 'get')]. resolving with numeral suffixes.
Warning: operationId "api_auctions_update" has collisions [('/api/auctions/{auction_id}/', 'put'), ('/api/auctions/{id}/', 'put')]. resolving with numeral suffixes.
Warning: operationId "api_auctions_destroy" has collisions [('/api/auctions/{auction_id}/', 'delete'), ('/api/auctions/{id}/', 'delete')]. resolving with numeral suffixes.
Warning: operationId "api_collections_retrieve" has collisions [('/api/collections/{id}/', 'get'), ('/api/collections/{slug}/', 'get')]. resolving with numeral suffixes.
Warning: operationId "api_collections_update" has collisions [('/api/collections/{id}/', 'put'), ('/api/collections/{slug}/', 'put')]. resolving with numeral suffixes.
Warning: operationId "api_collections_destroy" has collisions [('/api/collections/{id}/', 'delete'), ('/api/collections/{slug}/', 'delete')]. resolving with numeral suffixes.
[2024-12-25 14:58:05 +0545] [11776] [INFO] Handling signal: int
[2024-12-25 09:13:05 +0000] [11824] [INFO] Worker exiting (pid: 11824)
[2024-12-25 09:13:05 +0000] [11796] [INFO] Worker exiting (pid: 11796)
[2024-12-25 09:13:05 +0000] [11814] [INFO] Worker exiting (pid: 11814)
[2024-12-25 09:13:05 +0000] [11875] [INFO] Worker exiting (pid: 11875)
[2024-12-25 09:13:05 +0000] [11778] [INFO] Worker exiting (pid: 11778)
[2024-12-25 09:13:05 +0000] [11804] [INFO] Worker exiting (pid: 11804)
[2024-12-25 09:13:05 +0000] [11853] [INFO] Worker exiting (pid: 11853)
[2024-12-25 09:13:05 +0000] [11786] [INFO] Worker exiting (pid: 11786)
[2024-12-25 09:13:05 +0000] [11859] [INFO] Worker exiting (pid: 11859)
[2024-12-25 09:13:05 +0000] [11800] [INFO] Worker exiting (pid: 11800)
[2024-12-25 09:13:05 +0000] [11810] [INFO] Worker exiting (pid: 11810)
[2024-12-25 09:13:05 +0000] [11857] [INFO] Worker exiting (pid: 11857)
[2024-12-25 09:13:05 +0000] [11867] [INFO] Worker exiting (pid: 11867)
[2024-12-25 09:13:05 +0000] [11792] [INFO] Worker exiting (pid: 11792)
[2024-12-25 09:13:05 +0000] [11801] [INFO] Worker exiting (pid: 11801)
[2024-12-25 09:13:05 +0000] [11876] [INFO] Worker exiting (pid: 11876)
[2024-12-25 09:13:05 +0000] [11803] [INFO] Worker exiting (pid: 11803)
[2024-12-25 09:13:05 +0000] [11806] [INFO] Worker exiting (pid: 11806)
[2024-12-25 09:13:05 +0000] [11788] [INFO] Worker exiting (pid: 11788)
[2024-12-25 09:13:05 +0000] [11794] [INFO] Worker exiting (pid: 11794)
[2024-12-25 09:13:05 +0000] [11779] [INFO] Worker exiting (pid: 11779)
[2024-12-25 09:13:05 +0000] [11816] [INFO] Worker exiting (pid: 11816)
[2024-12-25 09:13:05 +0000] [11798] [INFO] Worker exiting (pid: 11798)
[2024-12-25 09:13:05 +0000] [11869] [INFO] Worker exiting (pid: 11869)
[2024-12-25 09:13:05 +0000] [11860] [INFO] Worker exiting (pid: 11860)
[2024-12-25 09:13:05 +0000] [11855] [INFO] Worker exiting (pid: 11855)
[2024-12-25 09:13:05 +0000] [11807] [INFO] Worker exiting (pid: 11807)
[2024-12-25 09:13:05 +0000] [11863] [INFO] Worker exiting (pid: 11863)
[2024-12-25 09:13:05 +0000] [11811] [INFO] Worker exiting (pid: 11811)
[2024-12-25 09:13:05 +0000] [11787] [INFO] Worker exiting (pid: 11787)
[2024-12-25 09:13:05 +0000] [11873] [INFO] Worker exiting (pid: 11873)
[2024-12-25 09:13:05 +0000] [11854] [INFO] Worker exiting (pid: 11854)
[2024-12-25 09:13:05 +0000] [11862] [INFO] Worker exiting (pid: 11862)
[2024-12-25 14:58:06 +0545] [11776] [INFO] Shutting down: Master
[2024-12-25 14:58:11 +0545] [12760] [INFO] Starting gunicorn 23.0.0
[2024-12-25 14:58:11 +0545] [12760] [INFO] Listening at: http://0.0.0.0:8000 (12760)
[2024-12-25 14:58:11 +0545] [12760] [INFO] Using worker: sync
[2024-12-25 14:58:11 +0545] [12762] [INFO] Booting worker with pid: 12762
[2024-12-25 14:58:11 +0545] [12763] [INFO] Booting worker with pid: 12763
[2024-12-25 14:58:12 +0545] [12764] [INFO] Booting worker with pid: 12764
[2024-12-25 14:58:12 +0545] [12765] [INFO] Booting worker with pid: 12765
[2024-12-25 14:58:12 +0545] [12766] [INFO] Booting worker with pid: 12766
[2024-12-25 14:58:12 +0545] [12767] [INFO] Booting worker with pid: 12767
[2024-12-25 14:58:12 +0545] [12770] [INFO] Booting worker with pid: 12770
[2024-12-25 14:58:12 +0545] [12771] [INFO] Booting worker with pid: 12771
[2024-12-25 14:58:12 +0545] [12773] [INFO] Booting worker with pid: 12773
[2024-12-25 14:58:12 +0545] [12774] [INFO] Booting worker with pid: 12774
[2024-12-25 14:58:12 +0545] [12776] [INFO] Booting worker with pid: 12776
[2024-12-25 14:58:12 +0545] [12786] [INFO] Booting worker with pid: 12786
[2024-12-25 14:58:12 +0545] [12787] [INFO] Booting worker with pid: 12787
[2024-12-25 14:58:12 +0545] [12791] [INFO] Booting worker with pid: 12791
[2024-12-25 14:58:12 +0545] [12796] [INFO] Booting worker with pid: 12796
[2024-12-25 14:58:12 +0545] [12828] [INFO] Booting worker with pid: 12828
[2024-12-25 14:58:12 +0545] [12831] [INFO] Booting worker with pid: 12831
[2024-12-25 14:58:12 +0545] [12834] [INFO] Booting worker with pid: 12834
[2024-12-25 14:58:12 +0545] [12836] [INFO] Booting worker with pid: 12836
[2024-12-25 14:58:12 +0545] [12837] [INFO] Booting worker with pid: 12837
[2024-12-25 14:58:13 +0545] [12839] [INFO] Booting worker with pid: 12839
[2024-12-25 14:58:13 +0545] [12841] [INFO] Booting worker with pid: 12841
[2024-12-25 14:58:13 +0545] [12842] [INFO] Booting worker with pid: 12842
[2024-12-25 14:58:13 +0545] [12846] [INFO] Booting worker with pid: 12846
[2024-12-25 14:58:13 +0545] [12848] [INFO] Booting worker with pid: 12848
[2024-12-25 14:58:13 +0545] [12850] [INFO] Booting worker with pid: 12850
[2024-12-25 14:58:13 +0545] [12851] [INFO] Booting worker with pid: 12851
[2024-12-25 14:58:13 +0545] [12852] [INFO] Booting worker with pid: 12852
[2024-12-25 14:58:13 +0545] [12855] [INFO] Booting worker with pid: 12855
[2024-12-25 14:58:13 +0545] [12857] [INFO] Booting worker with pid: 12857
[2024-12-25 14:58:13 +0545] [12899] [INFO] Booting worker with pid: 12899
[2024-12-25 14:58:13 +0545] [12900] [INFO] Booting worker with pid: 12900
[2024-12-25 14:58:13 +0545] [12901] [INFO] Booting worker with pid: 12901
Not Found: /static/debug_toolbar/css/toolbar.css
Not Found: /static/debug_toolbar/js/timer.js
Not Found: /static/debug_toolbar/js/toolbar.js
/home/chlorine/BidZone_2.0/src/auction/serializers.py: Warning [AuctionViewSet > AuctionSerializer > SimpleProductSerializer > SimpleCustomerSerializer]: unable to resolve type hint for function "first_name". Consider using a type hint or @extend_schema_field. Defaulting to string.
/home/chlorine/BidZone_2.0/src/auction/serializers.py: Warning [AuctionViewSet > AuctionSerializer > SimpleProductSerializer > SimpleCustomerSerializer]: unable to resolve type hint for function "last_name". Consider using a type hint or @extend_schema_field. Defaulting to string.
/home/chlorine/BidZone_2.0/src/auction/views.py: Warning [BidsViewSet]: could not derive type of path parameter "auction_pk" because it is untyped and obtaining queryset from the viewset failed. Consider adding a type to the path (e.g. <int:auction_pk>) or annotating the parameter type with @extend_schema. Defaulting to "string".
/home/chlorine/BidZone_2.0/src/auction/serializers.py: Warning [BidsViewSet > BidsSerializer > BidsCustomerSerializer]: unable to resolve type hint for function "first_name". Consider using a type hint or @extend_schema_field. Defaulting to string.
/home/chlorine/BidZone_2.0/src/auction/views.py: Warning [BidsViewSet]: could not derive type of path parameter "id" because it is untyped and obtaining queryset from the viewset failed. Consider adding a type to the path (e.g. <int:id>) or annotating the parameter type with @extend_schema. Defaulting to "string".
/home/chlorine/BidZone_2.0/src/auction/views.py: Warning [AuctionQuestionViewSet]: could not derive type of path parameter "auction_pk" because it is untyped and obtaining queryset from the viewset failed. Consider adding a type to the path (e.g. <int:auction_pk>) or annotating the parameter type with @extend_schema. Defaulting to "string".
/home/chlorine/BidZone_2.0/src/auction/views.py: Warning [AuctionQuestionViewSet]: could not derive type of path parameter "id" because it is untyped and obtaining queryset from the viewset failed. Consider adding a type to the path (e.g. <int:id>) or annotating the parameter type with @extend_schema. Defaulting to "string".
/home/chlorine/BidZone_2.0/src/auction/views.py: Warning [AuctionAnswerViewSet]: could not derive type of path parameter "auction_pk" because it is untyped and obtaining queryset from the viewset failed. Consider adding a type to the path (e.g. <int:auction_pk>) or annotating the parameter type with @extend_schema. Defaulting to "string".
/home/chlorine/BidZone_2.0/src/auction/views.py: Warning [AuctionAnswerViewSet]: could not derive type of path parameter "question_pk" because it is untyped and obtaining queryset from the viewset failed. Consider adding a type to the path (e.g. <int:question_pk>) or annotating the parameter type with @extend_schema. Defaulting to "string".
/home/chlorine/BidZone_2.0/src/auction/views.py: Warning [AuctionAnswerViewSet]: could not derive type of path parameter "id" because it is untyped and obtaining queryset from the viewset failed. Consider adding a type to the path (e.g. <int:id>) or annotating the parameter type with @extend_schema. Defaulting to "string".
/home/chlorine/BidZone_2.0/src/auction/serializers.py: Warning [CustomerViewSet > CustomerSerializer]: unable to resolve type hint for function "first_name". Consider using a type hint or @extend_schema_field. Defaulting to string.
/home/chlorine/BidZone_2.0/src/auction/serializers.py: Warning [CustomerViewSet > CustomerSerializer]: unable to resolve type hint for function "last_name". Consider using a type hint or @extend_schema_field. Defaulting to string.
/home/chlorine/BidZone_2.0/src/auction/serializers.py: Warning [CustomerViewSet > CustomerSerializer]: unable to resolve type hint for function "username". Consider using a type hint or @extend_schema_field. Defaulting to string.
/home/chlorine/BidZone_2.0/src/auction/serializers.py: Warning [CustomerViewSet > CustomerSerializer]: unable to resolve type hint for function "email". Consider using a type hint or @extend_schema_field. Defaulting to string.
/home/chlorine/BidZone_2.0/src/auction/serializers.py: Warning [CustomerViewSet > CustomerSerializer]: unable to resolve type hint for function "get_user_balance". Consider using a type hint or @extend_schema_field. Defaulting to string.
/home/chlorine/BidZone_2.0/src/auction/views.py: Warning [AddressViewSet]: could not derive type of path parameter "customer_pk" because it is untyped and obtaining queryset from the viewset failed. Consider adding a type to the path (e.g. <int:customer_pk>) or annotating the parameter type with @extend_schema. Defaulting to "string".
/home/chlorine/BidZone_2.0/src/auction/views.py: Warning [AddressViewSet]: could not derive type of path parameter "id" because it is untyped and obtaining queryset from the viewset failed. Consider adding a type to the path (e.g. <int:id>) or annotating the parameter type with @extend_schema. Defaulting to "string".
/home/chlorine/BidZone_2.0/src/auction/views.py: Warning [CustomerCoinViewSet]: could not derive type of path parameter "customer_pk" because it is untyped and obtaining queryset from the viewset failed. Consider adding a type to the path (e.g. <int:customer_pk>) or annotating the parameter type with @extend_schema. Defaulting to "string".
/home/chlorine/BidZone_2.0/src/auction/views.py: Warning [CustomerCoinViewSet]: could not derive type of path parameter "id" because it is untyped and obtaining queryset from the viewset failed. Consider adding a type to the path (e.g. <int:id>) or annotating the parameter type with @extend_schema. Defaulting to "string".
/home/chlorine/BidZone_2.0/src/auction/views.py: Warning [DeliveryViewSet]: could not derive type of path parameter "customer_pk" because it is untyped and obtaining queryset from the viewset failed. Consider adding a type to the path (e.g. <int:customer_pk>) or annotating the parameter type with @extend_schema. Defaulting to "string".
/home/chlorine/BidZone_2.0/src/auction/views.py: Warning [DeliveryViewSet]: could not derive type of path parameter "id" because it is untyped and obtaining queryset from the viewset failed. Consider adding a type to the path (e.g. <int:id>) or annotating the parameter type with @extend_schema. Defaulting to "string".
/home/chlorine/BidZone_2.0/src/auction/views.py: Warning [ProductImageViewSet]: could not derive type of path parameter "customer_pk" because it is untyped and obtaining queryset from the viewset failed. Consider adding a type to the path (e.g. <int:customer_pk>) or annotating the parameter type with @extend_schema. Defaulting to "string".
/home/chlorine/BidZone_2.0/src/auction/views.py: Warning [ProductImageViewSet]: could not derive type of path parameter "product_pk" because it is untyped and obtaining queryset from the viewset failed. Consider adding a type to the path (e.g. <int:product_pk>) or annotating the parameter type with @extend_schema. Defaulting to "string".
/home/chlorine/BidZone_2.0/src/auction/views.py: Warning [ProductImageViewSet]: could not derive type of path parameter "id" because it is untyped and obtaining queryset from the viewset failed. Consider adding a type to the path (e.g. <int:id>) or annotating the parameter type with @extend_schema. Defaulting to "string".
Not Found: /static/debug_toolbar/css/print.css
/home/chlorine/BidZone_2.0/src/auction/views.py: Warning [ReviewViewSet]: could not derive type of path parameter "customer_pk" because it is untyped and obtaining queryset from the viewset failed. Consider adding a type to the path (e.g. <int:customer_pk>) or annotating the parameter type with @extend_schema. Defaulting to "string".
/home/chlorine/BidZone_2.0/src/auction/views.py: Warning [ReviewViewSet]: could not derive type of path parameter "id" because it is untyped and obtaining queryset from the viewset failed. Consider adding a type to the path (e.g. <int:id>) or annotating the parameter type with @extend_schema. Defaulting to "string".
/home/chlorine/BidZone_2.0/src/auction/views.py: Warning [TransactionViewSet]: could not derive type of path parameter "customer_pk" because model "src.auction.models.Transaction" contained no such field. Consider annotating parameter with @extend_schema. Defaulting to "string".
/home/chlorine/BidZone_2.0/src/auction/views.py: Warning [WishlistItemViewSet]: could not derive type of path parameter "wishlist_pk" because it is untyped and obtaining queryset from the viewset failed. Consider adding a type to the path (e.g. <int:wishlist_pk>) or annotating the parameter type with @extend_schema. Defaulting to "string".
/home/chlorine/BidZone_2.0/src/auction/views.py: Warning [WishlistItemViewSet]: Failed to obtain model through view's queryset due to raised exception. Prevent this either by setting "queryset = Model.objects.none()" on the view, checking for "getattr(self, "swagger_fake_view", False)" in get_queryset() or by simply using @extend_schema. (Exception: 'wishlist_pk')
/home/chlorine/BidZone_2.0/src/auction/views.py: Warning [WishlistItemViewSet]: could not derive type of path parameter "id" because it is untyped and obtaining queryset from the viewset failed. Consider adding a type to the path (e.g. <int:id>) or annotating the parameter type with @extend_schema. Defaulting to "string".
/home/chlorine/BidZone_2.0/src/core/serializers.py: Warning [UserViewSet > UserSerializer]: Encountered 2 components with identical names "User" and different identities <class 'src.core.serializers.UserSerializer'> and <class 'djoser.serializers.UserSerializer'>. This will very likely result in an incorrect schema. Try renaming one.
/home/chlorine/BidZone_2.0/src/core/serializers.py: Warning [UserViewSet > UserSerializer]: Encountered 2 components with identical names "PatchedUser" and different identities <class 'src.core.serializers.UserSerializer'> and <class 'djoser.serializers.UserSerializer'>. This will very likely result in an incorrect schema. Try renaming one.
Warning: operationId "api_auctions_retrieve" has collisions [('/api/auctions/{auction_id}/', 'get'), ('/api/auctions/{id}/', 'get'), ('/api/auctions/{slug}/', 'get')]. resolving with numeral suffixes.
Warning: operationId "api_auctions_update" has collisions [('/api/auctions/{auction_id}/', 'put'), ('/api/auctions/{id}/', 'put')]. resolving with numeral suffixes.
Warning: operationId "api_auctions_destroy" has collisions [('/api/auctions/{auction_id}/', 'delete'), ('/api/auctions/{id}/', 'delete')]. resolving with numeral suffixes.
Warning: operationId "api_collections_retrieve" has collisions [('/api/collections/{id}/', 'get'), ('/api/collections/{slug}/', 'get')]. resolving with numeral suffixes.
Warning: operationId "api_collections_update" has collisions [('/api/collections/{id}/', 'put'), ('/api/collections/{slug}/', 'put')]. resolving with numeral suffixes.
Warning: operationId "api_collections_destroy" has collisions [('/api/collections/{id}/', 'delete'), ('/api/collections/{slug}/', 'delete')]. resolving with numeral suffixes.
[2024-12-25 14:58:34 +0545] [12760] [INFO] Handling signal: winch
[2024-12-25 14:58:37 +0545] [12760] [INFO] Handling signal: int
[2024-12-25 09:13:37 +0000] [12787] [INFO] Worker exiting (pid: 12787)
[2024-12-25 09:13:37 +0000] [12763] [INFO] Worker exiting (pid: 12763)
[2024-12-25 09:13:37 +0000] [12901] [INFO] Worker exiting (pid: 12901)
[2024-12-25 09:13:37 +0000] [12831] [INFO] Worker exiting (pid: 12831)
[2024-12-25 09:13:37 +0000] [12762] [INFO] Worker exiting (pid: 12762)
[2024-12-25 09:13:37 +0000] [12851] [INFO] Worker exiting (pid: 12851)
[2024-12-25 09:13:37 +0000] [12850] [INFO] Worker exiting (pid: 12850)
[2024-12-25 09:13:37 +0000] [12791] [INFO] Worker exiting (pid: 12791)
[2024-12-25 09:13:37 +0000] [12852] [INFO] Worker exiting (pid: 12852)
[2024-12-25 09:13:37 +0000] [12774] [INFO] Worker exiting (pid: 12774)
[2024-12-25 09:13:37 +0000] [12764] [INFO] Worker exiting (pid: 12764)
[2024-12-25 09:13:37 +0000] [12770] [INFO] Worker exiting (pid: 12770)
[2024-12-25 09:13:37 +0000] [12765] [INFO] Worker exiting (pid: 12765)
[2024-12-25 09:13:37 +0000] [12773] [INFO] Worker exiting (pid: 12773)
[2024-12-25 09:13:37 +0000] [12836] [INFO] Worker exiting (pid: 12836)
[2024-12-25 09:13:37 +0000] [12767] [INFO] Worker exiting (pid: 12767)
[2024-12-25 09:13:37 +0000] [12857] [INFO] Worker exiting (pid: 12857)
[2024-12-25 09:13:37 +0000] [12786] [INFO] Worker exiting (pid: 12786)
[2024-12-25 09:13:37 +0000] [12796] [INFO] Worker exiting (pid: 12796)
[2024-12-25 09:13:37 +0000] [12766] [INFO] Worker exiting (pid: 12766)
[2024-12-25 09:13:37 +0000] [12771] [INFO] Worker exiting (pid: 12771)
[2024-12-25 09:13:37 +0000] [12900] [INFO] Worker exiting (pid: 12900)
[2024-12-25 09:13:37 +0000] [12828] [INFO] Worker exiting (pid: 12828)
[2024-12-25 09:13:37 +0000] [12899] [INFO] Worker exiting (pid: 12899)
[2024-12-25 09:13:37 +0000] [12842] [INFO] Worker exiting (pid: 12842)
[2024-12-25 09:13:37 +0000] [12837] [INFO] Worker exiting (pid: 12837)
[2024-12-25 09:13:37 +0000] [12841] [INFO] Worker exiting (pid: 12841)
[2024-12-25 09:13:37 +0000] [12846] [INFO] Worker exiting (pid: 12846)
[2024-12-25 09:13:37 +0000] [12855] [INFO] Worker exiting (pid: 12855)
[2024-12-25 09:13:37 +0000] [12834] [INFO] Worker exiting (pid: 12834)
[2024-12-25 09:13:37 +0000] [12848] [INFO] Worker exiting (pid: 12848)
[2024-12-25 09:13:37 +0000] [12839] [INFO] Worker exiting (pid: 12839)
[2024-12-25 09:13:37 +0000] [12776] [INFO] Worker exiting (pid: 12776)
[2024-12-25 14:58:38 +0545] [12760] [INFO] Shutting down: Master
[2024-12-25 14:58:45 +0545] [13268] [DEBUG] Current configuration:
  config: gunicorn_config.py
  wsgi_app: None
  bind: ['0.0.0.0:8000']
  backlog: 2048
  workers: 33
  worker_class: sync
  threads: 1
  worker_connections: 1000
  max_requests: 0
  max_requests_jitter: 0
  timeout: 120
  graceful_timeout: 30
  keepalive: 2
  limit_request_line: 4094
  limit_request_fields: 100
  limit_request_field_size: 8190
  reload: True
  reload_engine: auto
  reload_extra_files: []
  spew: False
  check_config: False
  print_config: False
  preload_app: False
  sendfile: None
  reuse_port: False
  chdir: /home/chlorine/BidZone_2.0/src
  daemon: False
  raw_env: ['DJANGO_SETTINGS_MODULE=bidzone.settings']
  pidfile: None
  worker_tmp_dir: None
  user: 1000
  group: 1000
  umask: 0
  initgroups: False
  tmp_upload_dir: None
  secure_scheme_headers: {'X-FORWARDED-PROTOCOL': 'ssl', 'X-FORWARDED-PROTO': 'https', 'X-FORWARDED-SSL': 'on'}
  forwarded_allow_ips: ['127.0.0.1', '::1']
  accesslog: /home/chlorine/BidZone_2.0/logs/access.log
  disable_redirect_access_to_syslog: False
  access_log_format: %(h)s %(l)s %(u)s %(t)s "%(r)s" %(s)s %(b)s "%(f)s" "%(a)s"
  errorlog: /home/chlorine/BidZone_2.0/logs/error.log
  loglevel: debug
  capture_output: True
  logger_class: gunicorn.glogging.Logger
  logconfig: None
  logconfig_dict: {}
  logconfig_json: None
  syslog_addr: udp://localhost:514
  syslog: False
  syslog_prefix: None
  syslog_facility: user
  enable_stdio_inheritance: False
  statsd_host: None
  dogstatsd_tags:
  statsd_prefix:
  proc_name: None
  default_proc_name: bidzone.wsgi:application
  pythonpath: /home/chlorine/BidZone_2.0/src
  paste: None
  on_starting: <function OnStarting.on_starting at 0x7f6417c76320>
  on_reload: <function OnReload.on_reload at 0x7f6417c76440>
  when_ready: <function WhenReady.when_ready at 0x7f6417c76560>
  pre_fork: <function Prefork.pre_fork at 0x7f6417c76680>
  post_fork: <function Postfork.post_fork at 0x7f6417c767a0>
  post_worker_init: <function PostWorkerInit.post_worker_init at 0x7f6417c768c0>
  worker_int: <function WorkerInt.worker_int at 0x7f6417c769e0>
  worker_abort: <function WorkerAbort.worker_abort at 0x7f6417c76b00>
  pre_exec: <function PreExec.pre_exec at 0x7f6417c76c20>
  pre_request: <function PreRequest.pre_request at 0x7f6417c76d40>
  post_request: <function PostRequest.post_request at 0x7f6417c76dd0>
  child_exit: <function ChildExit.child_exit at 0x7f6417c76ef0>
  worker_exit: <function WorkerExit.worker_exit at 0x7f6417c77010>
  nworkers_changed: <function NumWorkersChanged.nworkers_changed at 0x7f6417c77130>
  on_exit: <function OnExit.on_exit at 0x7f6417c77250>
  ssl_context: <function NewSSLContext.ssl_context at 0x7f6417c77370>
  proxy_protocol: False
  proxy_allow_ips: ['127.0.0.1', '::1']
  keyfile: None
  certfile: None
  ssl_version: 2
  cert_reqs: 0
  ca_certs: None
  suppress_ragged_eofs: True
  do_handshake_on_connect: False
  ciphers: None
  raw_paste_global_conf: []
  permit_obsolete_folding: False
  strip_header_spaces: False
  permit_unconventional_http_method: False
  permit_unconventional_http_version: False
  casefold_http_method: False
  forwarder_headers: ['SCRIPT_NAME', 'PATH_INFO']
  header_map: drop
[2024-12-25 14:58:45 +0545] [13268] [INFO] Starting gunicorn 23.0.0
[2024-12-25 14:58:45 +0545] [13268] [DEBUG] Arbiter booted
[2024-12-25 14:58:45 +0545] [13268] [INFO] Listening at: http://0.0.0.0:8000 (13268)
[2024-12-25 14:58:45 +0545] [13268] [INFO] Using worker: sync
[2024-12-25 14:58:45 +0545] [13283] [INFO] Booting worker with pid: 13283
[2024-12-25 14:58:45 +0545] [13284] [INFO] Booting worker with pid: 13284
[2024-12-25 14:58:45 +0545] [13285] [INFO] Booting worker with pid: 13285
[2024-12-25 14:58:45 +0545] [13287] [INFO] Booting worker with pid: 13287
[2024-12-25 14:58:45 +0545] [13288] [INFO] Booting worker with pid: 13288
[2024-12-25 14:58:45 +0545] [13290] [INFO] Booting worker with pid: 13290
[2024-12-25 14:58:45 +0545] [13292] [INFO] Booting worker with pid: 13292
[2024-12-25 14:58:45 +0545] [13294] [INFO] Booting worker with pid: 13294
[2024-12-25 14:58:45 +0545] [13295] [INFO] Booting worker with pid: 13295
[2024-12-25 14:58:45 +0545] [13296] [INFO] Booting worker with pid: 13296
[2024-12-25 14:58:45 +0545] [13297] [INFO] Booting worker with pid: 13297
[2024-12-25 14:58:45 +0545] [13298] [INFO] Booting worker with pid: 13298
[2024-12-25 14:58:45 +0545] [13299] [INFO] Booting worker with pid: 13299
[2024-12-25 14:58:45 +0545] [13301] [INFO] Booting worker with pid: 13301
[2024-12-25 14:58:45 +0545] [13316] [INFO] Booting worker with pid: 13316
[2024-12-25 14:58:45 +0545] [13330] [INFO] Booting worker with pid: 13330
[2024-12-25 14:58:46 +0545] [13337] [INFO] Booting worker with pid: 13337
[2024-12-25 14:58:46 +0545] [13340] [INFO] Booting worker with pid: 13340
[2024-12-25 14:58:46 +0545] [13343] [INFO] Booting worker with pid: 13343
[2024-12-25 14:58:46 +0545] [13345] [INFO] Booting worker with pid: 13345
[2024-12-25 14:58:46 +0545] [13347] [INFO] Booting worker with pid: 13347
[2024-12-25 14:58:46 +0545] [13348] [INFO] Booting worker with pid: 13348
[2024-12-25 14:58:46 +0545] [13350] [INFO] Booting worker with pid: 13350
[2024-12-25 14:58:46 +0545] [13351] [INFO] Booting worker with pid: 13351
[2024-12-25 14:58:46 +0545] [13355] [INFO] Booting worker with pid: 13355
[2024-12-25 14:58:46 +0545] [13356] [INFO] Booting worker with pid: 13356
[2024-12-25 14:58:46 +0545] [13358] [INFO] Booting worker with pid: 13358
[2024-12-25 14:58:46 +0545] [13360] [INFO] Booting worker with pid: 13360
[2024-12-25 14:58:46 +0545] [13362] [INFO] Booting worker with pid: 13362
[2024-12-25 14:58:46 +0545] [13363] [INFO] Booting worker with pid: 13363
[2024-12-25 14:58:46 +0545] [13380] [INFO] Booting worker with pid: 13380
[2024-12-25 14:58:47 +0545] [13405] [INFO] Booting worker with pid: 13405
[2024-12-25 14:58:47 +0545] [13411] [INFO] Booting worker with pid: 13411
[2024-12-25 14:58:47 +0545] [13268] [DEBUG] 33 workers
[2024-12-25 09:13:50 +0000] [13301] [DEBUG] GET /api/docs/
[2024-12-25 09:13:51 +0000] [13301] [DEBUG] GET /static/debug_toolbar/css/toolbar.css
[2024-12-25 09:13:51 +0000] [13355] [DEBUG] GET /static/debug_toolbar/js/toolbar.js
[2024-12-25 09:13:51 +0000] [13290] [DEBUG] GET /static/debug_toolbar/js/timer.js
[2024-12-25 09:13:51 +0000] [13351] [DEBUG] GET /api/schema/
Not Found: /static/debug_toolbar/css/toolbar.css
[2024-12-25 09:13:52 +0000] [13301] [DEBUG] GET /static/debug_toolbar/css/print.css
Not Found: /static/debug_toolbar/js/timer.js
Not Found: /static/debug_toolbar/js/toolbar.js
/home/chlorine/BidZone_2.0/src/auction/serializers.py: Warning [AuctionViewSet > AuctionSerializer > SimpleProductSerializer > SimpleCustomerSerializer]: unable to resolve type hint for function "first_name". Consider using a type hint or @extend_schema_field. Defaulting to string.
/home/chlorine/BidZone_2.0/src/auction/serializers.py: Warning [AuctionViewSet > AuctionSerializer > SimpleProductSerializer > SimpleCustomerSerializer]: unable to resolve type hint for function "last_name". Consider using a type hint or @extend_schema_field. Defaulting to string.
/home/chlorine/BidZone_2.0/src/auction/views.py: Warning [BidsViewSet]: could not derive type of path parameter "auction_pk" because it is untyped and obtaining queryset from the viewset failed. Consider adding a type to the path (e.g. <int:auction_pk>) or annotating the parameter type with @extend_schema. Defaulting to "string".
/home/chlorine/BidZone_2.0/src/auction/serializers.py: Warning [BidsViewSet > BidsSerializer > BidsCustomerSerializer]: unable to resolve type hint for function "first_name". Consider using a type hint or @extend_schema_field. Defaulting to string.
/home/chlorine/BidZone_2.0/src/auction/views.py: Warning [BidsViewSet]: could not derive type of path parameter "id" because it is untyped and obtaining queryset from the viewset failed. Consider adding a type to the path (e.g. <int:id>) or annotating the parameter type with @extend_schema. Defaulting to "string".
/home/chlorine/BidZone_2.0/src/auction/views.py: Warning [AuctionQuestionViewSet]: could not derive type of path parameter "auction_pk" because it is untyped and obtaining queryset from the viewset failed. Consider adding a type to the path (e.g. <int:auction_pk>) or annotating the parameter type with @extend_schema. Defaulting to "string".
/home/chlorine/BidZone_2.0/src/auction/views.py: Warning [AuctionQuestionViewSet]: could not derive type of path parameter "id" because it is untyped and obtaining queryset from the viewset failed. Consider adding a type to the path (e.g. <int:id>) or annotating the parameter type with @extend_schema. Defaulting to "string".
/home/chlorine/BidZone_2.0/src/auction/views.py: Warning [AuctionAnswerViewSet]: could not derive type of path parameter "auction_pk" because it is untyped and obtaining queryset from the viewset failed. Consider adding a type to the path (e.g. <int:auction_pk>) or annotating the parameter type with @extend_schema. Defaulting to "string".
/home/chlorine/BidZone_2.0/src/auction/views.py: Warning [AuctionAnswerViewSet]: could not derive type of path parameter "question_pk" because it is untyped and obtaining queryset from the viewset failed. Consider adding a type to the path (e.g. <int:question_pk>) or annotating the parameter type with @extend_schema. Defaulting to "string".
/home/chlorine/BidZone_2.0/src/auction/views.py: Warning [AuctionAnswerViewSet]: could not derive type of path parameter "id" because it is untyped and obtaining queryset from the viewset failed. Consider adding a type to the path (e.g. <int:id>) or annotating the parameter type with @extend_schema. Defaulting to "string".
/home/chlorine/BidZone_2.0/src/auction/serializers.py: Warning [CustomerViewSet > CustomerSerializer]: unable to resolve type hint for function "first_name". Consider using a type hint or @extend_schema_field. Defaulting to string.
/home/chlorine/BidZone_2.0/src/auction/serializers.py: Warning [CustomerViewSet > CustomerSerializer]: unable to resolve type hint for function "last_name". Consider using a type hint or @extend_schema_field. Defaulting to string.
/home/chlorine/BidZone_2.0/src/auction/serializers.py: Warning [CustomerViewSet > CustomerSerializer]: unable to resolve type hint for function "username". Consider using a type hint or @extend_schema_field. Defaulting to string.
/home/chlorine/BidZone_2.0/src/auction/serializers.py: Warning [CustomerViewSet > CustomerSerializer]: unable to resolve type hint for function "email". Consider using a type hint or @extend_schema_field. Defaulting to string.
/home/chlorine/BidZone_2.0/src/auction/serializers.py: Warning [CustomerViewSet > CustomerSerializer]: unable to resolve type hint for function "get_user_balance". Consider using a type hint or @extend_schema_field. Defaulting to string.
/home/chlorine/BidZone_2.0/src/auction/views.py: Warning [AddressViewSet]: could not derive type of path parameter "customer_pk" because it is untyped and obtaining queryset from the viewset failed. Consider adding a type to the path (e.g. <int:customer_pk>) or annotating the parameter type with @extend_schema. Defaulting to "string".
/home/chlorine/BidZone_2.0/src/auction/views.py: Warning [AddressViewSet]: could not derive type of path parameter "id" because it is untyped and obtaining queryset from the viewset failed. Consider adding a type to the path (e.g. <int:id>) or annotating the parameter type with @extend_schema. Defaulting to "string".
/home/chlorine/BidZone_2.0/src/auction/views.py: Warning [CustomerCoinViewSet]: could not derive type of path parameter "customer_pk" because it is untyped and obtaining queryset from the viewset failed. Consider adding a type to the path (e.g. <int:customer_pk>) or annotating the parameter type with @extend_schema. Defaulting to "string".
/home/chlorine/BidZone_2.0/src/auction/views.py: Warning [CustomerCoinViewSet]: could not derive type of path parameter "id" because it is untyped and obtaining queryset from the viewset failed. Consider adding a type to the path (e.g. <int:id>) or annotating the parameter type with @extend_schema. Defaulting to "string".
/home/chlorine/BidZone_2.0/src/auction/views.py: Warning [DeliveryViewSet]: could not derive type of path parameter "customer_pk" because it is untyped and obtaining queryset from the viewset failed. Consider adding a type to the path (e.g. <int:customer_pk>) or annotating the parameter type with @extend_schema. Defaulting to "string".
/home/chlorine/BidZone_2.0/src/auction/views.py: Warning [DeliveryViewSet]: could not derive type of path parameter "id" because it is untyped and obtaining queryset from the viewset failed. Consider adding a type to the path (e.g. <int:id>) or annotating the parameter type with @extend_schema. Defaulting to "string".
/home/chlorine/BidZone_2.0/src/auction/views.py: Warning [ProductImageViewSet]: could not derive type of path parameter "customer_pk" because it is untyped and obtaining queryset from the viewset failed. Consider adding a type to the path (e.g. <int:customer_pk>) or annotating the parameter type with @extend_schema. Defaulting to "string".
/home/chlorine/BidZone_2.0/src/auction/views.py: Warning [ProductImageViewSet]: could not derive type of path parameter "product_pk" because it is untyped and obtaining queryset from the viewset failed. Consider adding a type to the path (e.g. <int:product_pk>) or annotating the parameter type with @extend_schema. Defaulting to "string".
/home/chlorine/BidZone_2.0/src/auction/views.py: Warning [ProductImageViewSet]: could not derive type of path parameter "id" because it is untyped and obtaining queryset from the viewset failed. Consider adding a type to the path (e.g. <int:id>) or annotating the parameter type with @extend_schema. Defaulting to "string".
Not Found: /static/debug_toolbar/css/print.css
/home/chlorine/BidZone_2.0/src/auction/views.py: Warning [ReviewViewSet]: could not derive type of path parameter "customer_pk" because it is untyped and obtaining queryset from the viewset failed. Consider adding a type to the path (e.g. <int:customer_pk>) or annotating the parameter type with @extend_schema. Defaulting to "string".
/home/chlorine/BidZone_2.0/src/auction/views.py: Warning [ReviewViewSet]: could not derive type of path parameter "id" because it is untyped and obtaining queryset from the viewset failed. Consider adding a type to the path (e.g. <int:id>) or annotating the parameter type with @extend_schema. Defaulting to "string".
/home/chlorine/BidZone_2.0/src/auction/views.py: Warning [TransactionViewSet]: could not derive type of path parameter "customer_pk" because model "src.auction.models.Transaction" contained no such field. Consider annotating parameter with @extend_schema. Defaulting to "string".
/home/chlorine/BidZone_2.0/src/auction/views.py: Warning [WishlistItemViewSet]: could not derive type of path parameter "wishlist_pk" because it is untyped and obtaining queryset from the viewset failed. Consider adding a type to the path (e.g. <int:wishlist_pk>) or annotating the parameter type with @extend_schema. Defaulting to "string".
/home/chlorine/BidZone_2.0/src/auction/views.py: Warning [WishlistItemViewSet]: Failed to obtain model through view's queryset due to raised exception. Prevent this either by setting "queryset = Model.objects.none()" on the view, checking for "getattr(self, "swagger_fake_view", False)" in get_queryset() or by simply using @extend_schema. (Exception: 'wishlist_pk')
/home/chlorine/BidZone_2.0/src/auction/views.py: Warning [WishlistItemViewSet]: could not derive type of path parameter "id" because it is untyped and obtaining queryset from the viewset failed. Consider adding a type to the path (e.g. <int:id>) or annotating the parameter type with @extend_schema. Defaulting to "string".
/home/chlorine/BidZone_2.0/src/core/serializers.py: Warning [UserViewSet > UserSerializer]: Encountered 2 components with identical names "User" and different identities <class 'src.core.serializers.UserSerializer'> and <class 'djoser.serializers.UserSerializer'>. This will very likely result in an incorrect schema. Try renaming one.
/home/chlorine/BidZone_2.0/src/core/serializers.py: Warning [UserViewSet > UserSerializer]: Encountered 2 components with identical names "PatchedUser" and different identities <class 'src.core.serializers.UserSerializer'> and <class 'djoser.serializers.UserSerializer'>. This will very likely result in an incorrect schema. Try renaming one.
Warning: operationId "api_auctions_retrieve" has collisions [('/api/auctions/{auction_id}/', 'get'), ('/api/auctions/{id}/', 'get'), ('/api/auctions/{slug}/', 'get')]. resolving with numeral suffixes.
Warning: operationId "api_auctions_update" has collisions [('/api/auctions/{auction_id}/', 'put'), ('/api/auctions/{id}/', 'put')]. resolving with numeral suffixes.
Warning: operationId "api_auctions_destroy" has collisions [('/api/auctions/{auction_id}/', 'delete'), ('/api/auctions/{id}/', 'delete')]. resolving with numeral suffixes.
Warning: operationId "api_collections_retrieve" has collisions [('/api/collections/{id}/', 'get'), ('/api/collections/{slug}/', 'get')]. resolving with numeral suffixes.
Warning: operationId "api_collections_update" has collisions [('/api/collections/{id}/', 'put'), ('/api/collections/{slug}/', 'put')]. resolving with numeral suffixes.
Warning: operationId "api_collections_destroy" has collisions [('/api/collections/{id}/', 'delete'), ('/api/collections/{slug}/', 'delete')]. resolving with numeral suffixes.
[2024-12-25 15:02:06 +0545] [13268] [INFO] Handling signal: int
[2024-12-25 09:17:06 +0000] [13287] [INFO] Worker exiting (pid: 13287)
[2024-12-25 09:17:06 +0000] [13356] [INFO] Worker exiting (pid: 13356)
[2024-12-25 09:17:06 +0000] [13360] [INFO] Worker exiting (pid: 13360)
[2024-12-25 09:17:06 +0000] [13337] [INFO] Worker exiting (pid: 13337)
[2024-12-25 09:17:06 +0000] [13348] [INFO] Worker exiting (pid: 13348)
[2024-12-25 09:17:06 +0000] [13380] [INFO] Worker exiting (pid: 13380)
[2024-12-25 09:17:06 +0000] [13283] [INFO] Worker exiting (pid: 13283)
[2024-12-25 09:17:06 +0000] [13330] [INFO] Worker exiting (pid: 13330)
[2024-12-25 09:17:06 +0000] [13299] [INFO] Worker exiting (pid: 13299)
[2024-12-25 09:17:06 +0000] [13288] [INFO] Worker exiting (pid: 13288)
[2024-12-25 09:17:06 +0000] [13316] [INFO] Worker exiting (pid: 13316)
[2024-12-25 09:17:06 +0000] [13292] [INFO] Worker exiting (pid: 13292)
[2024-12-25 09:17:06 +0000] [13290] [INFO] Worker exiting (pid: 13290)
[2024-12-25 09:17:06 +0000] [13298] [INFO] Worker exiting (pid: 13298)
[2024-12-25 09:17:06 +0000] [13296] [INFO] Worker exiting (pid: 13296)
[2024-12-25 09:17:06 +0000] [13347] [INFO] Worker exiting (pid: 13347)
[2024-12-25 09:17:06 +0000] [13340] [INFO] Worker exiting (pid: 13340)
[2024-12-25 09:17:06 +0000] [13345] [INFO] Worker exiting (pid: 13345)
[2024-12-25 09:17:06 +0000] [13285] [INFO] Worker exiting (pid: 13285)
[2024-12-25 09:17:06 +0000] [13362] [INFO] Worker exiting (pid: 13362)
[2024-12-25 09:17:06 +0000] [13411] [INFO] Worker exiting (pid: 13411)
[2024-12-25 09:17:06 +0000] [13301] [INFO] Worker exiting (pid: 13301)
[2024-12-25 09:17:06 +0000] [13358] [INFO] Worker exiting (pid: 13358)
[2024-12-25 09:17:06 +0000] [13295] [INFO] Worker exiting (pid: 13295)
[2024-12-25 09:17:06 +0000] [13350] [INFO] Worker exiting (pid: 13350)
[2024-12-25 09:17:06 +0000] [13363] [INFO] Worker exiting (pid: 13363)
[2024-12-25 09:17:06 +0000] [13284] [INFO] Worker exiting (pid: 13284)
[2024-12-25 09:17:06 +0000] [13297] [INFO] Worker exiting (pid: 13297)
[2024-12-25 09:17:06 +0000] [13405] [INFO] Worker exiting (pid: 13405)
[2024-12-25 09:17:06 +0000] [13355] [INFO] Worker exiting (pid: 13355)
[2024-12-25 09:17:06 +0000] [13351] [INFO] Worker exiting (pid: 13351)
[2024-12-25 09:17:06 +0000] [13343] [INFO] Worker exiting (pid: 13343)
[2024-12-25 09:17:06 +0000] [13294] [INFO] Worker exiting (pid: 13294)
[2024-12-25 15:02:07 +0545] [13268] [INFO] Shutting down: Master
[2024-12-25 15:05:41 +0545] [15508] [DEBUG] Current configuration:
  config: gunicorn_config.py
  wsgi_app: None
  bind: ['0.0.0.0:8000']
  backlog: 2048
  workers: 33
  worker_class: sync
  threads: 1
  worker_connections: 1000
  max_requests: 0
  max_requests_jitter: 0
  timeout: 120
  graceful_timeout: 30
  keepalive: 2
  limit_request_line: 4094
  limit_request_fields: 100
  limit_request_field_size: 8190
  reload: True
  reload_engine: auto
  reload_extra_files: []
  spew: False
  check_config: False
  print_config: False
  preload_app: False
  sendfile: None
  reuse_port: False
  chdir: /home/chlorine/BidZone_2.0/src
  daemon: False
  raw_env: ['DJANGO_SETTINGS_MODULE=bidzone.settings']
  pidfile: None
  worker_tmp_dir: None
  user: 1000
  group: 1000
  umask: 0
  initgroups: False
  tmp_upload_dir: None
  secure_scheme_headers: {'X-FORWARDED-PROTOCOL': 'ssl', 'X-FORWARDED-PROTO': 'https', 'X-FORWARDED-SSL': 'on'}
  forwarded_allow_ips: ['127.0.0.1', '::1']
  accesslog: /home/chlorine/BidZone_2.0/logs/access.log
  disable_redirect_access_to_syslog: False
  access_log_format: %(h)s %(l)s %(u)s %(t)s "%(r)s" %(s)s %(b)s "%(f)s" "%(a)s"
  errorlog: /home/chlorine/BidZone_2.0/logs/error.log
  loglevel: debug
  capture_output: True
  logger_class: gunicorn.glogging.Logger
  logconfig: None
  logconfig_dict: {}
  logconfig_json: None
  syslog_addr: udp://localhost:514
  syslog: False
  syslog_prefix: None
  syslog_facility: user
  enable_stdio_inheritance: False
  statsd_host: None
  dogstatsd_tags:
  statsd_prefix:
  proc_name: None
  default_proc_name: bidzone.wsgi:application
  pythonpath: /home/chlorine/BidZone_2.0/src
  paste: None
  on_starting: <function OnStarting.on_starting at 0x7fc34fd96320>
  on_reload: <function OnReload.on_reload at 0x7fc34fd96440>
  when_ready: <function WhenReady.when_ready at 0x7fc34fd96560>
  pre_fork: <function Prefork.pre_fork at 0x7fc34fd96680>
  post_fork: <function Postfork.post_fork at 0x7fc34fd967a0>
  post_worker_init: <function PostWorkerInit.post_worker_init at 0x7fc34fd968c0>
  worker_int: <function WorkerInt.worker_int at 0x7fc34fd969e0>
  worker_abort: <function WorkerAbort.worker_abort at 0x7fc34fd96b00>
  pre_exec: <function PreExec.pre_exec at 0x7fc34fd96c20>
  pre_request: <function PreRequest.pre_request at 0x7fc34fd96d40>
  post_request: <function PostRequest.post_request at 0x7fc34fd96dd0>
  child_exit: <function ChildExit.child_exit at 0x7fc34fd96ef0>
  worker_exit: <function WorkerExit.worker_exit at 0x7fc34fd97010>
  nworkers_changed: <function NumWorkersChanged.nworkers_changed at 0x7fc34fd97130>
  on_exit: <function OnExit.on_exit at 0x7fc34fd97250>
  ssl_context: <function NewSSLContext.ssl_context at 0x7fc34fd97370>
  proxy_protocol: False
  proxy_allow_ips: ['127.0.0.1', '::1']
  keyfile: None
  certfile: None
  ssl_version: 2
  cert_reqs: 0
  ca_certs: None
  suppress_ragged_eofs: True
  do_handshake_on_connect: False
  ciphers: None
  raw_paste_global_conf: []
  permit_obsolete_folding: False
  strip_header_spaces: False
  permit_unconventional_http_method: False
  permit_unconventional_http_version: False
  casefold_http_method: False
  forwarder_headers: ['SCRIPT_NAME', 'PATH_INFO']
  header_map: drop
[2024-12-25 15:05:41 +0545] [15508] [INFO] Starting gunicorn 23.0.0
[2024-12-25 15:05:41 +0545] [15508] [DEBUG] Arbiter booted
[2024-12-25 15:05:41 +0545] [15508] [INFO] Listening at: http://0.0.0.0:8000 (15508)
[2024-12-25 15:05:41 +0545] [15508] [INFO] Using worker: sync
[2024-12-25 15:05:41 +0545] [15516] [INFO] Booting worker with pid: 15516
[2024-12-25 15:05:41 +0545] [15517] [INFO] Booting worker with pid: 15517
[2024-12-25 15:05:41 +0545] [15518] [INFO] Booting worker with pid: 15518
[2024-12-25 15:05:41 +0545] [15519] [INFO] Booting worker with pid: 15519
[2024-12-25 15:05:41 +0545] [15521] [INFO] Booting worker with pid: 15521
[2024-12-25 15:05:41 +0545] [15523] [INFO] Booting worker with pid: 15523
[2024-12-25 15:05:41 +0545] [15525] [INFO] Booting worker with pid: 15525
[2024-12-25 15:05:42 +0545] [15526] [INFO] Booting worker with pid: 15526
[2024-12-25 15:05:42 +0545] [15527] [INFO] Booting worker with pid: 15527
[2024-12-25 15:05:42 +0545] [15528] [INFO] Booting worker with pid: 15528
[2024-12-25 15:05:42 +0545] [15530] [INFO] Booting worker with pid: 15530
[2024-12-25 15:05:42 +0545] [15532] [INFO] Booting worker with pid: 15532
[2024-12-25 15:05:42 +0545] [15534] [INFO] Booting worker with pid: 15534
[2024-12-25 15:05:42 +0545] [15536] [INFO] Booting worker with pid: 15536
[2024-12-25 15:05:42 +0545] [15559] [INFO] Booting worker with pid: 15559
[2024-12-25 15:05:42 +0545] [15567] [INFO] Booting worker with pid: 15567
[2024-12-25 15:05:42 +0545] [15569] [INFO] Booting worker with pid: 15569
[2024-12-25 15:05:42 +0545] [15571] [INFO] Booting worker with pid: 15571
[2024-12-25 15:05:42 +0545] [15573] [INFO] Booting worker with pid: 15573
[2024-12-25 15:05:42 +0545] [15575] [INFO] Booting worker with pid: 15575
[2024-12-25 15:05:42 +0545] [15576] [INFO] Booting worker with pid: 15576
[2024-12-25 15:05:42 +0545] [15579] [INFO] Booting worker with pid: 15579
[2024-12-25 15:05:42 +0545] [15582] [INFO] Booting worker with pid: 15582
[2024-12-25 15:05:42 +0545] [15584] [INFO] Booting worker with pid: 15584
[2024-12-25 15:05:42 +0545] [15585] [INFO] Booting worker with pid: 15585
[2024-12-25 15:05:42 +0545] [15586] [INFO] Booting worker with pid: 15586
[2024-12-25 15:05:42 +0545] [15589] [INFO] Booting worker with pid: 15589
[2024-12-25 15:05:42 +0545] [15590] [INFO] Booting worker with pid: 15590
[2024-12-25 15:05:42 +0545] [15592] [INFO] Booting worker with pid: 15592
[2024-12-25 15:05:43 +0545] [15596] [INFO] Booting worker with pid: 15596
[2024-12-25 15:05:43 +0545] [15600] [INFO] Booting worker with pid: 15600
[2024-12-25 15:05:43 +0545] [15601] [INFO] Booting worker with pid: 15601
[2024-12-25 15:05:43 +0545] [15604] [INFO] Booting worker with pid: 15604
[2024-12-25 15:05:43 +0545] [15508] [DEBUG] 33 workers
[2024-12-25 09:20:46 +0000] [15536] [DEBUG] GET /api/docs/
[2024-12-25 09:20:49 +0000] [15604] [DEBUG] GET /static/debug_toolbar/css/toolbar.css
[2024-12-25 09:20:50 +0000] [15585] [DEBUG] GET /static/debug_toolbar/js/toolbar.js
[2024-12-25 09:20:50 +0000] [15569] [DEBUG] GET /static/debug_toolbar/js/timer.js
[2024-12-25 09:20:50 +0000] [15592] [DEBUG] GET /api/schema/
[2024-12-25 09:20:50 +0000] [15589] [DEBUG] GET /static/debug_toolbar/css/print.css
Not Found: /static/debug_toolbar/css/toolbar.css
Not Found: /static/debug_toolbar/js/timer.js
Not Found: /static/debug_toolbar/js/toolbar.js
/home/chlorine/BidZone_2.0/src/auction/serializers.py: Warning [AuctionViewSet > AuctionSerializer > SimpleProductSerializer > SimpleCustomerSerializer]: unable to resolve type hint for function "first_name". Consider using a type hint or @extend_schema_field. Defaulting to string.
/home/chlorine/BidZone_2.0/src/auction/serializers.py: Warning [AuctionViewSet > AuctionSerializer > SimpleProductSerializer > SimpleCustomerSerializer]: unable to resolve type hint for function "last_name". Consider using a type hint or @extend_schema_field. Defaulting to string.
/home/chlorine/BidZone_2.0/src/auction/views.py: Warning [BidsViewSet]: could not derive type of path parameter "auction_pk" because it is untyped and obtaining queryset from the viewset failed. Consider adding a type to the path (e.g. <int:auction_pk>) or annotating the parameter type with @extend_schema. Defaulting to "string".
/home/chlorine/BidZone_2.0/src/auction/serializers.py: Warning [BidsViewSet > BidsSerializer > BidsCustomerSerializer]: unable to resolve type hint for function "first_name". Consider using a type hint or @extend_schema_field. Defaulting to string.
/home/chlorine/BidZone_2.0/src/auction/views.py: Warning [BidsViewSet]: could not derive type of path parameter "id" because it is untyped and obtaining queryset from the viewset failed. Consider adding a type to the path (e.g. <int:id>) or annotating the parameter type with @extend_schema. Defaulting to "string".
/home/chlorine/BidZone_2.0/src/auction/views.py: Warning [AuctionQuestionViewSet]: could not derive type of path parameter "auction_pk" because it is untyped and obtaining queryset from the viewset failed. Consider adding a type to the path (e.g. <int:auction_pk>) or annotating the parameter type with @extend_schema. Defaulting to "string".
/home/chlorine/BidZone_2.0/src/auction/views.py: Warning [AuctionQuestionViewSet]: could not derive type of path parameter "id" because it is untyped and obtaining queryset from the viewset failed. Consider adding a type to the path (e.g. <int:id>) or annotating the parameter type with @extend_schema. Defaulting to "string".
/home/chlorine/BidZone_2.0/src/auction/views.py: Warning [AuctionAnswerViewSet]: could not derive type of path parameter "auction_pk" because it is untyped and obtaining queryset from the viewset failed. Consider adding a type to the path (e.g. <int:auction_pk>) or annotating the parameter type with @extend_schema. Defaulting to "string".
/home/chlorine/BidZone_2.0/src/auction/views.py: Warning [AuctionAnswerViewSet]: could not derive type of path parameter "question_pk" because it is untyped and obtaining queryset from the viewset failed. Consider adding a type to the path (e.g. <int:question_pk>) or annotating the parameter type with @extend_schema. Defaulting to "string".
/home/chlorine/BidZone_2.0/src/auction/views.py: Warning [AuctionAnswerViewSet]: could not derive type of path parameter "id" because it is untyped and obtaining queryset from the viewset failed. Consider adding a type to the path (e.g. <int:id>) or annotating the parameter type with @extend_schema. Defaulting to "string".
/home/chlorine/BidZone_2.0/src/auction/serializers.py: Warning [CustomerViewSet > CustomerSerializer]: unable to resolve type hint for function "first_name". Consider using a type hint or @extend_schema_field. Defaulting to string.
/home/chlorine/BidZone_2.0/src/auction/serializers.py: Warning [CustomerViewSet > CustomerSerializer]: unable to resolve type hint for function "last_name". Consider using a type hint or @extend_schema_field. Defaulting to string.
/home/chlorine/BidZone_2.0/src/auction/serializers.py: Warning [CustomerViewSet > CustomerSerializer]: unable to resolve type hint for function "username". Consider using a type hint or @extend_schema_field. Defaulting to string.
/home/chlorine/BidZone_2.0/src/auction/serializers.py: Warning [CustomerViewSet > CustomerSerializer]: unable to resolve type hint for function "email". Consider using a type hint or @extend_schema_field. Defaulting to string.
/home/chlorine/BidZone_2.0/src/auction/serializers.py: Warning [CustomerViewSet > CustomerSerializer]: unable to resolve type hint for function "get_user_balance". Consider using a type hint or @extend_schema_field. Defaulting to string.
/home/chlorine/BidZone_2.0/src/auction/views.py: Warning [AddressViewSet]: could not derive type of path parameter "customer_pk" because it is untyped and obtaining queryset from the viewset failed. Consider adding a type to the path (e.g. <int:customer_pk>) or annotating the parameter type with @extend_schema. Defaulting to "string".
/home/chlorine/BidZone_2.0/src/auction/views.py: Warning [AddressViewSet]: could not derive type of path parameter "id" because it is untyped and obtaining queryset from the viewset failed. Consider adding a type to the path (e.g. <int:id>) or annotating the parameter type with @extend_schema. Defaulting to "string".
/home/chlorine/BidZone_2.0/src/auction/views.py: Warning [CustomerCoinViewSet]: could not derive type of path parameter "customer_pk" because it is untyped and obtaining queryset from the viewset failed. Consider adding a type to the path (e.g. <int:customer_pk>) or annotating the parameter type with @extend_schema. Defaulting to "string".
/home/chlorine/BidZone_2.0/src/auction/views.py: Warning [CustomerCoinViewSet]: could not derive type of path parameter "id" because it is untyped and obtaining queryset from the viewset failed. Consider adding a type to the path (e.g. <int:id>) or annotating the parameter type with @extend_schema. Defaulting to "string".
/home/chlorine/BidZone_2.0/src/auction/views.py: Warning [DeliveryViewSet]: could not derive type of path parameter "customer_pk" because it is untyped and obtaining queryset from the viewset failed. Consider adding a type to the path (e.g. <int:customer_pk>) or annotating the parameter type with @extend_schema. Defaulting to "string".
/home/chlorine/BidZone_2.0/src/auction/views.py: Warning [DeliveryViewSet]: could not derive type of path parameter "id" because it is untyped and obtaining queryset from the viewset failed. Consider adding a type to the path (e.g. <int:id>) or annotating the parameter type with @extend_schema. Defaulting to "string".
Not Found: /static/debug_toolbar/css/print.css
/home/chlorine/BidZone_2.0/src/auction/views.py: Warning [ProductImageViewSet]: could not derive type of path parameter "customer_pk" because it is untyped and obtaining queryset from the viewset failed. Consider adding a type to the path (e.g. <int:customer_pk>) or annotating the parameter type with @extend_schema. Defaulting to "string".
/home/chlorine/BidZone_2.0/src/auction/views.py: Warning [ProductImageViewSet]: could not derive type of path parameter "product_pk" because it is untyped and obtaining queryset from the viewset failed. Consider adding a type to the path (e.g. <int:product_pk>) or annotating the parameter type with @extend_schema. Defaulting to "string".
/home/chlorine/BidZone_2.0/src/auction/views.py: Warning [ProductImageViewSet]: could not derive type of path parameter "id" because it is untyped and obtaining queryset from the viewset failed. Consider adding a type to the path (e.g. <int:id>) or annotating the parameter type with @extend_schema. Defaulting to "string".
/home/chlorine/BidZone_2.0/src/auction/views.py: Warning [ReviewViewSet]: could not derive type of path parameter "customer_pk" because it is untyped and obtaining queryset from the viewset failed. Consider adding a type to the path (e.g. <int:customer_pk>) or annotating the parameter type with @extend_schema. Defaulting to "string".
/home/chlorine/BidZone_2.0/src/auction/views.py: Warning [ReviewViewSet]: could not derive type of path parameter "id" because it is untyped and obtaining queryset from the viewset failed. Consider adding a type to the path (e.g. <int:id>) or annotating the parameter type with @extend_schema. Defaulting to "string".
/home/chlorine/BidZone_2.0/src/auction/views.py: Warning [TransactionViewSet]: could not derive type of path parameter "customer_pk" because model "src.auction.models.Transaction" contained no such field. Consider annotating parameter with @extend_schema. Defaulting to "string".
/home/chlorine/BidZone_2.0/src/auction/views.py: Warning [WishlistItemViewSet]: could not derive type of path parameter "wishlist_pk" because it is untyped and obtaining queryset from the viewset failed. Consider adding a type to the path (e.g. <int:wishlist_pk>) or annotating the parameter type with @extend_schema. Defaulting to "string".
/home/chlorine/BidZone_2.0/src/auction/views.py: Warning [WishlistItemViewSet]: Failed to obtain model through view's queryset due to raised exception. Prevent this either by setting "queryset = Model.objects.none()" on the view, checking for "getattr(self, "swagger_fake_view", False)" in get_queryset() or by simply using @extend_schema. (Exception: 'wishlist_pk')
/home/chlorine/BidZone_2.0/src/auction/views.py: Warning [WishlistItemViewSet]: could not derive type of path parameter "id" because it is untyped and obtaining queryset from the viewset failed. Consider adding a type to the path (e.g. <int:id>) or annotating the parameter type with @extend_schema. Defaulting to "string".
/home/chlorine/BidZone_2.0/src/core/serializers.py: Warning [UserViewSet > UserSerializer]: Encountered 2 components with identical names "User" and different identities <class 'src.core.serializers.UserSerializer'> and <class 'djoser.serializers.UserSerializer'>. This will very likely result in an incorrect schema. Try renaming one.
/home/chlorine/BidZone_2.0/src/core/serializers.py: Warning [UserViewSet > UserSerializer]: Encountered 2 components with identical names "PatchedUser" and different identities <class 'src.core.serializers.UserSerializer'> and <class 'djoser.serializers.UserSerializer'>. This will very likely result in an incorrect schema. Try renaming one.
Warning: operationId "api_auctions_retrieve" has collisions [('/api/auctions/{auction_id}/', 'get'), ('/api/auctions/{id}/', 'get'), ('/api/auctions/{slug}/', 'get')]. resolving with numeral suffixes.
Warning: operationId "api_auctions_update" has collisions [('/api/auctions/{auction_id}/', 'put'), ('/api/auctions/{id}/', 'put')]. resolving with numeral suffixes.
Warning: operationId "api_auctions_destroy" has collisions [('/api/auctions/{auction_id}/', 'delete'), ('/api/auctions/{id}/', 'delete')]. resolving with numeral suffixes.
Warning: operationId "api_collections_retrieve" has collisions [('/api/collections/{id}/', 'get'), ('/api/collections/{slug}/', 'get')]. resolving with numeral suffixes.
Warning: operationId "api_collections_update" has collisions [('/api/collections/{id}/', 'put'), ('/api/collections/{slug}/', 'put')]. resolving with numeral suffixes.
Warning: operationId "api_collections_destroy" has collisions [('/api/collections/{id}/', 'delete'), ('/api/collections/{slug}/', 'delete')]. resolving with numeral suffixes.
[2024-12-25 09:21:14 +0000] [15589] [DEBUG] GET /admin/
[2024-12-25 09:21:15 +0000] [15579] [DEBUG] GET /static/admin/css/base.css
[2024-12-25 09:21:15 +0000] [15523] [DEBUG] GET /static/admin/js/theme.js
[2024-12-25 09:21:15 +0000] [15528] [DEBUG] GET /static/admin/css/dark_mode.css
[2024-12-25 09:21:15 +0000] [15601] [DEBUG] GET /static/admin/css/nav_sidebar.css
[2024-12-25 09:21:15 +0000] [15536] [DEBUG] GET /static/debug_toolbar/js/timer.js
[2024-12-25 09:21:15 +0000] [15534] [DEBUG] GET /static/admin/css/dashboard.css
Not Found: /static/debug_toolbar/js/timer.js
Not Found: /static/admin/css/base.css
[2024-12-25 09:21:17 +0000] [15579] [DEBUG] GET /static/admin/css/responsive.css
Not Found: /static/admin/css/nav_sidebar.css
[2024-12-25 09:21:17 +0000] [15521] [DEBUG] GET /static/debug_toolbar/css/toolbar.css
[2024-12-25 09:21:17 +0000] [15526] [DEBUG] GET /static/debug_toolbar/js/toolbar.js
Not Found: /static/admin/js/theme.js
Not Found: /static/admin/css/dark_mode.css
[2024-12-25 09:21:17 +0000] [15528] [DEBUG] GET /static/admin/css/nav_sidebar.css
[2024-12-25 09:21:17 +0000] [15575] [DEBUG] GET /static/admin/js/nav_sidebar.js
Not Found: /static/admin/css/dashboard.css
[2024-12-25 09:21:17 +0000] [15534] [DEBUG] GET /static/debug_toolbar/css/print.css
Not Found: /static/debug_toolbar/css/print.css
Not Found: /static/admin/css/responsive.css
Not Found: /static/debug_toolbar/css/toolbar.css
Not Found: /static/debug_toolbar/js/toolbar.js
Not Found: /static/admin/css/nav_sidebar.css
Not Found: /static/admin/js/nav_sidebar.js
[2024-12-25 09:21:19 +0000] [15575] [DEBUG] GET /favicon.ico
Not Found: /favicon.ico
[2024-12-25 15:06:34 +0545] [15508] [INFO] Handling signal: int
[2024-12-25 09:21:34 +0000] [15596] [INFO] Worker exiting (pid: 15596)
[2024-12-25 09:21:34 +0000] [15600] [INFO] Worker exiting (pid: 15600)
[2024-12-25 09:21:34 +0000] [15530] [INFO] Worker exiting (pid: 15530)
[2024-12-25 09:21:34 +0000] [15536] [INFO] Worker exiting (pid: 15536)
[2024-12-25 09:21:34 +0000] [15519] [INFO] Worker exiting (pid: 15519)
[2024-12-25 09:21:34 +0000] [15571] [INFO] Worker exiting (pid: 15571)
[2024-12-25 09:21:34 +0000] [15589] [INFO] Worker exiting (pid: 15589)
[2024-12-25 09:21:34 +0000] [15526] [INFO] Worker exiting (pid: 15526)
[2024-12-25 09:21:34 +0000] [15516] [INFO] Worker exiting (pid: 15516)
[2024-12-25 09:21:34 +0000] [15573] [INFO] Worker exiting (pid: 15573)
[2024-12-25 09:21:34 +0000] [15569] [INFO] Worker exiting (pid: 15569)
[2024-12-25 09:21:34 +0000] [15567] [INFO] Worker exiting (pid: 15567)
[2024-12-25 09:21:34 +0000] [15579] [INFO] Worker exiting (pid: 15579)
[2024-12-25 09:21:34 +0000] [15517] [INFO] Worker exiting (pid: 15517)
[2024-12-25 09:21:34 +0000] [15582] [INFO] Worker exiting (pid: 15582)
[2024-12-25 09:21:34 +0000] [15601] [INFO] Worker exiting (pid: 15601)
[2024-12-25 09:21:34 +0000] [15518] [INFO] Worker exiting (pid: 15518)
[2024-12-25 09:21:34 +0000] [15527] [INFO] Worker exiting (pid: 15527)
[2024-12-25 09:21:34 +0000] [15532] [INFO] Worker exiting (pid: 15532)
[2024-12-25 09:21:34 +0000] [15575] [INFO] Worker exiting (pid: 15575)
[2024-12-25 09:21:34 +0000] [15585] [INFO] Worker exiting (pid: 15585)
[2024-12-25 09:21:34 +0000] [15521] [INFO] Worker exiting (pid: 15521)
[2024-12-25 09:21:34 +0000] [15528] [INFO] Worker exiting (pid: 15528)
[2024-12-25 09:21:34 +0000] [15584] [INFO] Worker exiting (pid: 15584)
[2024-12-25 09:21:34 +0000] [15592] [INFO] Worker exiting (pid: 15592)
[2024-12-25 09:21:34 +0000] [15576] [INFO] Worker exiting (pid: 15576)
[2024-12-25 09:21:34 +0000] [15559] [INFO] Worker exiting (pid: 15559)
[2024-12-25 09:21:34 +0000] [15534] [INFO] Worker exiting (pid: 15534)
[2024-12-25 09:21:34 +0000] [15523] [INFO] Worker exiting (pid: 15523)
[2024-12-25 09:21:34 +0000] [15590] [INFO] Worker exiting (pid: 15590)
[2024-12-25 09:21:34 +0000] [15604] [INFO] Worker exiting (pid: 15604)
[2024-12-25 09:21:34 +0000] [15586] [INFO] Worker exiting (pid: 15586)
[2024-12-25 09:21:34 +0000] [15525] [INFO] Worker exiting (pid: 15525)
[2024-12-25 15:06:35 +0545] [15508] [INFO] Shutting down: Master
[2024-12-25 15:11:47 +0545] [17372] [INFO] Starting gunicorn 23.0.0
[2024-12-25 15:11:47 +0545] [17372] [INFO] Listening at: http://0.0.0.0:8000 (17372)
[2024-12-25 15:11:47 +0545] [17372] [INFO] Using worker: sync
[2024-12-25 15:11:47 +0545] [17380] [INFO] Booting worker with pid: 17380
[2024-12-25 15:11:47 +0545] [17381] [INFO] Booting worker with pid: 17381
[2024-12-25 15:11:47 +0545] [17382] [INFO] Booting worker with pid: 17382
[2024-12-25 15:11:47 +0545] [17384] [INFO] Booting worker with pid: 17384
[2024-12-25 15:11:47 +0545] [17385] [INFO] Booting worker with pid: 17385
[2024-12-25 15:11:47 +0545] [17386] [INFO] Booting worker with pid: 17386
[2024-12-25 15:11:47 +0545] [17388] [INFO] Booting worker with pid: 17388
[2024-12-25 15:11:47 +0545] [17389] [INFO] Booting worker with pid: 17389
[2024-12-25 15:11:47 +0545] [17390] [INFO] Booting worker with pid: 17390
[2024-12-25 15:11:47 +0545] [17391] [INFO] Booting worker with pid: 17391
[2024-12-25 15:11:47 +0545] [17392] [INFO] Booting worker with pid: 17392
[2024-12-25 15:11:47 +0545] [17395] [INFO] Booting worker with pid: 17395
[2024-12-25 15:11:47 +0545] [17398] [INFO] Booting worker with pid: 17398
[2024-12-25 15:11:47 +0545] [17399] [INFO] Booting worker with pid: 17399
[2024-12-25 15:11:47 +0545] [17422] [INFO] Booting worker with pid: 17422
[2024-12-25 15:11:47 +0545] [17432] [INFO] Booting worker with pid: 17432
[2024-12-25 15:11:47 +0545] [17433] [INFO] Booting worker with pid: 17433
[2024-12-25 15:11:47 +0545] [17435] [INFO] Booting worker with pid: 17435
[2024-12-25 15:11:47 +0545] [17436] [INFO] Booting worker with pid: 17436
[2024-12-25 15:11:47 +0545] [17437] [INFO] Booting worker with pid: 17437
[2024-12-25 15:11:48 +0545] [17440] [INFO] Booting worker with pid: 17440
[2024-12-25 15:11:48 +0545] [17441] [INFO] Booting worker with pid: 17441
[2024-12-25 15:11:48 +0545] [17444] [INFO] Booting worker with pid: 17444
[2024-12-25 15:11:48 +0545] [17445] [INFO] Booting worker with pid: 17445
[2024-12-25 15:11:48 +0545] [17450] [INFO] Booting worker with pid: 17450
[2024-12-25 15:11:48 +0545] [17451] [INFO] Booting worker with pid: 17451
[2024-12-25 15:11:48 +0545] [17452] [INFO] Booting worker with pid: 17452
[2024-12-25 15:11:48 +0545] [17454] [INFO] Booting worker with pid: 17454
[2024-12-25 15:11:48 +0545] [17458] [INFO] Booting worker with pid: 17458
[2024-12-25 15:11:48 +0545] [17459] [INFO] Booting worker with pid: 17459
[2024-12-25 15:11:48 +0545] [17461] [INFO] Booting worker with pid: 17461
[2024-12-25 15:11:48 +0545] [17464] [INFO] Booting worker with pid: 17464
[2024-12-25 15:11:48 +0545] [17465] [INFO] Booting worker with pid: 17465
[2024-12-25 15:11:53 +0545] [17372] [INFO] Handling signal: int
[2024-12-25 09:26:53 +0000] [17450] [INFO] Worker exiting (pid: 17450)
[2024-12-25 09:26:53 +0000] [17380] [INFO] Worker exiting (pid: 17380)
[2024-12-25 09:26:53 +0000] [17459] [INFO] Worker exiting (pid: 17459)
[2024-12-25 09:26:53 +0000] [17437] [INFO] Worker exiting (pid: 17437)
[2024-12-25 09:26:53 +0000] [17451] [INFO] Worker exiting (pid: 17451)
[2024-12-25 09:26:53 +0000] [17454] [INFO] Worker exiting (pid: 17454)
[2024-12-25 09:26:53 +0000] [17382] [INFO] Worker exiting (pid: 17382)
[2024-12-25 09:26:53 +0000] [17398] [INFO] Worker exiting (pid: 17398)
[2024-12-25 09:26:53 +0000] [17458] [INFO] Worker exiting (pid: 17458)
[2024-12-25 09:26:53 +0000] [17422] [INFO] Worker exiting (pid: 17422)
[2024-12-25 09:26:53 +0000] [17388] [INFO] Worker exiting (pid: 17388)
[2024-12-25 09:26:53 +0000] [17392] [INFO] Worker exiting (pid: 17392)
[2024-12-25 09:26:53 +0000] [17391] [INFO] Worker exiting (pid: 17391)
[2024-12-25 09:26:53 +0000] [17444] [INFO] Worker exiting (pid: 17444)
[2024-12-25 09:26:53 +0000] [17436] [INFO] Worker exiting (pid: 17436)
[2024-12-25 09:26:53 +0000] [17395] [INFO] Worker exiting (pid: 17395)
[2024-12-25 09:26:53 +0000] [17441] [INFO] Worker exiting (pid: 17441)
[2024-12-25 09:26:53 +0000] [17381] [INFO] Worker exiting (pid: 17381)
[2024-12-25 09:26:53 +0000] [17432] [INFO] Worker exiting (pid: 17432)
[2024-12-25 09:26:53 +0000] [17445] [INFO] Worker exiting (pid: 17445)
[2024-12-25 09:26:53 +0000] [17384] [INFO] Worker exiting (pid: 17384)
[2024-12-25 09:26:53 +0000] [17440] [INFO] Worker exiting (pid: 17440)
[2024-12-25 09:26:53 +0000] [17435] [INFO] Worker exiting (pid: 17435)
[2024-12-25 09:26:53 +0000] [17390] [INFO] Worker exiting (pid: 17390)
[2024-12-25 09:26:53 +0000] [17386] [INFO] Worker exiting (pid: 17386)
[2024-12-25 09:26:53 +0000] [17461] [INFO] Worker exiting (pid: 17461)
[2024-12-25 09:26:53 +0000] [17465] [INFO] Worker exiting (pid: 17465)
[2024-12-25 09:26:53 +0000] [17385] [INFO] Worker exiting (pid: 17385)
[2024-12-25 09:26:53 +0000] [17452] [INFO] Worker exiting (pid: 17452)
[2024-12-25 09:26:53 +0000] [17399] [INFO] Worker exiting (pid: 17399)
[2024-12-25 09:26:53 +0000] [17389] [INFO] Worker exiting (pid: 17389)
[2024-12-25 09:26:53 +0000] [17464] [INFO] Worker exiting (pid: 17464)
[2024-12-25 09:26:53 +0000] [17433] [INFO] Worker exiting (pid: 17433)
[2024-12-25 15:11:54 +0545] [17372] [INFO] Shutting down: Master
[2024-12-25 15:12:04 +0545] [17728] [INFO] Starting gunicorn 23.0.0
[2024-12-25 15:12:04 +0545] [17728] [INFO] Listening at: http://0.0.0.0:8000 (17728)
[2024-12-25 15:12:04 +0545] [17728] [INFO] Using worker: sync
[2024-12-25 15:12:04 +0545] [17736] [INFO] Booting worker with pid: 17736
[2024-12-25 15:12:04 +0545] [17737] [INFO] Booting worker with pid: 17737
[2024-12-25 15:12:04 +0545] [17738] [INFO] Booting worker with pid: 17738
[2024-12-25 15:12:04 +0545] [17739] [INFO] Booting worker with pid: 17739
[2024-12-25 15:12:05 +0545] [17740] [INFO] Booting worker with pid: 17740
[2024-12-25 15:12:05 +0545] [17741] [INFO] Booting worker with pid: 17741
[2024-12-25 15:12:05 +0545] [17742] [INFO] Booting worker with pid: 17742
[2024-12-25 15:12:05 +0545] [17744] [INFO] Booting worker with pid: 17744
[2024-12-25 15:12:05 +0545] [17745] [INFO] Booting worker with pid: 17745
[2024-12-25 15:12:05 +0545] [17747] [INFO] Booting worker with pid: 17747
[2024-12-25 15:12:05 +0545] [17749] [INFO] Booting worker with pid: 17749
[2024-12-25 15:12:05 +0545] [17750] [INFO] Booting worker with pid: 17750
[2024-12-25 15:12:05 +0545] [17751] [INFO] Booting worker with pid: 17751
[2024-12-25 15:12:05 +0545] [17753] [INFO] Booting worker with pid: 17753
[2024-12-25 15:12:05 +0545] [17754] [INFO] Booting worker with pid: 17754
[2024-12-25 15:12:05 +0545] [17755] [INFO] Booting worker with pid: 17755
[2024-12-25 15:12:05 +0545] [17757] [INFO] Booting worker with pid: 17757
[2024-12-25 15:12:05 +0545] [17759] [INFO] Booting worker with pid: 17759
[2024-12-25 15:12:05 +0545] [17763] [INFO] Booting worker with pid: 17763
[2024-12-25 15:12:05 +0545] [17764] [INFO] Booting worker with pid: 17764
[2024-12-25 15:12:05 +0545] [17765] [INFO] Booting worker with pid: 17765
[2024-12-25 15:12:05 +0545] [17767] [INFO] Booting worker with pid: 17767
[2024-12-25 15:12:05 +0545] [17783] [INFO] Booting worker with pid: 17783
[2024-12-25 15:12:05 +0545] [17789] [INFO] Booting worker with pid: 17789
[2024-12-25 15:12:05 +0545] [17803] [INFO] Booting worker with pid: 17803
[2024-12-25 15:12:05 +0545] [17811] [INFO] Booting worker with pid: 17811
[2024-12-25 15:12:05 +0545] [17812] [INFO] Booting worker with pid: 17812
[2024-12-25 15:12:05 +0545] [17813] [INFO] Booting worker with pid: 17813
[2024-12-25 15:12:05 +0545] [17816] [INFO] Booting worker with pid: 17816
[2024-12-25 15:12:05 +0545] [17820] [INFO] Booting worker with pid: 17820
[2024-12-25 15:12:05 +0545] [17823] [INFO] Booting worker with pid: 17823
[2024-12-25 15:12:05 +0545] [17826] [INFO] Booting worker with pid: 17826
[2024-12-25 15:12:06 +0545] [17827] [INFO] Booting worker with pid: 17827
Not Found: /static/debug_toolbar/css/toolbar.css
Not Found: /static/debug_toolbar/js/toolbar.js
Not Found: /static/debug_toolbar/js/timer.js
/home/chlorine/BidZone_2.0/src/auction/serializers.py: Warning [AuctionViewSet > AuctionSerializer > SimpleProductSerializer > SimpleCustomerSerializer]: unable to resolve type hint for function "first_name". Consider using a type hint or @extend_schema_field. Defaulting to string.
/home/chlorine/BidZone_2.0/src/auction/serializers.py: Warning [AuctionViewSet > AuctionSerializer > SimpleProductSerializer > SimpleCustomerSerializer]: unable to resolve type hint for function "last_name". Consider using a type hint or @extend_schema_field. Defaulting to string.
/home/chlorine/BidZone_2.0/src/auction/views.py: Warning [BidsViewSet]: could not derive type of path parameter "auction_pk" because it is untyped and obtaining queryset from the viewset failed. Consider adding a type to the path (e.g. <int:auction_pk>) or annotating the parameter type with @extend_schema. Defaulting to "string".
/home/chlorine/BidZone_2.0/src/auction/serializers.py: Warning [BidsViewSet > BidsSerializer > BidsCustomerSerializer]: unable to resolve type hint for function "first_name". Consider using a type hint or @extend_schema_field. Defaulting to string.
/home/chlorine/BidZone_2.0/src/auction/views.py: Warning [BidsViewSet]: could not derive type of path parameter "id" because it is untyped and obtaining queryset from the viewset failed. Consider adding a type to the path (e.g. <int:id>) or annotating the parameter type with @extend_schema. Defaulting to "string".
/home/chlorine/BidZone_2.0/src/auction/views.py: Warning [AuctionQuestionViewSet]: could not derive type of path parameter "auction_pk" because it is untyped and obtaining queryset from the viewset failed. Consider adding a type to the path (e.g. <int:auction_pk>) or annotating the parameter type with @extend_schema. Defaulting to "string".
/home/chlorine/BidZone_2.0/src/auction/views.py: Warning [AuctionQuestionViewSet]: could not derive type of path parameter "id" because it is untyped and obtaining queryset from the viewset failed. Consider adding a type to the path (e.g. <int:id>) or annotating the parameter type with @extend_schema. Defaulting to "string".
/home/chlorine/BidZone_2.0/src/auction/views.py: Warning [AuctionAnswerViewSet]: could not derive type of path parameter "auction_pk" because it is untyped and obtaining queryset from the viewset failed. Consider adding a type to the path (e.g. <int:auction_pk>) or annotating the parameter type with @extend_schema. Defaulting to "string".
/home/chlorine/BidZone_2.0/src/auction/views.py: Warning [AuctionAnswerViewSet]: could not derive type of path parameter "question_pk" because it is untyped and obtaining queryset from the viewset failed. Consider adding a type to the path (e.g. <int:question_pk>) or annotating the parameter type with @extend_schema. Defaulting to "string".
/home/chlorine/BidZone_2.0/src/auction/views.py: Warning [AuctionAnswerViewSet]: could not derive type of path parameter "id" because it is untyped and obtaining queryset from the viewset failed. Consider adding a type to the path (e.g. <int:id>) or annotating the parameter type with @extend_schema. Defaulting to "string".
/home/chlorine/BidZone_2.0/src/auction/serializers.py: Warning [CustomerViewSet > CustomerSerializer]: unable to resolve type hint for function "first_name". Consider using a type hint or @extend_schema_field. Defaulting to string.
/home/chlorine/BidZone_2.0/src/auction/serializers.py: Warning [CustomerViewSet > CustomerSerializer]: unable to resolve type hint for function "last_name". Consider using a type hint or @extend_schema_field. Defaulting to string.
/home/chlorine/BidZone_2.0/src/auction/serializers.py: Warning [CustomerViewSet > CustomerSerializer]: unable to resolve type hint for function "username". Consider using a type hint or @extend_schema_field. Defaulting to string.
/home/chlorine/BidZone_2.0/src/auction/serializers.py: Warning [CustomerViewSet > CustomerSerializer]: unable to resolve type hint for function "email". Consider using a type hint or @extend_schema_field. Defaulting to string.
/home/chlorine/BidZone_2.0/src/auction/serializers.py: Warning [CustomerViewSet > CustomerSerializer]: unable to resolve type hint for function "get_user_balance". Consider using a type hint or @extend_schema_field. Defaulting to string.
/home/chlorine/BidZone_2.0/src/auction/views.py: Warning [AddressViewSet]: could not derive type of path parameter "customer_pk" because it is untyped and obtaining queryset from the viewset failed. Consider adding a type to the path (e.g. <int:customer_pk>) or annotating the parameter type with @extend_schema. Defaulting to "string".
/home/chlorine/BidZone_2.0/src/auction/views.py: Warning [AddressViewSet]: could not derive type of path parameter "id" because it is untyped and obtaining queryset from the viewset failed. Consider adding a type to the path (e.g. <int:id>) or annotating the parameter type with @extend_schema. Defaulting to "string".
/home/chlorine/BidZone_2.0/src/auction/views.py: Warning [CustomerCoinViewSet]: could not derive type of path parameter "customer_pk" because it is untyped and obtaining queryset from the viewset failed. Consider adding a type to the path (e.g. <int:customer_pk>) or annotating the parameter type with @extend_schema. Defaulting to "string".
/home/chlorine/BidZone_2.0/src/auction/views.py: Warning [CustomerCoinViewSet]: could not derive type of path parameter "id" because it is untyped and obtaining queryset from the viewset failed. Consider adding a type to the path (e.g. <int:id>) or annotating the parameter type with @extend_schema. Defaulting to "string".
/home/chlorine/BidZone_2.0/src/auction/views.py: Warning [DeliveryViewSet]: could not derive type of path parameter "customer_pk" because it is untyped and obtaining queryset from the viewset failed. Consider adding a type to the path (e.g. <int:customer_pk>) or annotating the parameter type with @extend_schema. Defaulting to "string".
/home/chlorine/BidZone_2.0/src/auction/views.py: Warning [DeliveryViewSet]: could not derive type of path parameter "id" because it is untyped and obtaining queryset from the viewset failed. Consider adding a type to the path (e.g. <int:id>) or annotating the parameter type with @extend_schema. Defaulting to "string".
/home/chlorine/BidZone_2.0/src/auction/views.py: Warning [ProductImageViewSet]: could not derive type of path parameter "customer_pk" because it is untyped and obtaining queryset from the viewset failed. Consider adding a type to the path (e.g. <int:customer_pk>) or annotating the parameter type with @extend_schema. Defaulting to "string".
/home/chlorine/BidZone_2.0/src/auction/views.py: Warning [ProductImageViewSet]: could not derive type of path parameter "product_pk" because it is untyped and obtaining queryset from the viewset failed. Consider adding a type to the path (e.g. <int:product_pk>) or annotating the parameter type with @extend_schema. Defaulting to "string".
/home/chlorine/BidZone_2.0/src/auction/views.py: Warning [ProductImageViewSet]: could not derive type of path parameter "id" because it is untyped and obtaining queryset from the viewset failed. Consider adding a type to the path (e.g. <int:id>) or annotating the parameter type with @extend_schema. Defaulting to "string".
Not Found: /static/debug_toolbar/css/print.css
/home/chlorine/BidZone_2.0/src/auction/views.py: Warning [ReviewViewSet]: could not derive type of path parameter "customer_pk" because it is untyped and obtaining queryset from the viewset failed. Consider adding a type to the path (e.g. <int:customer_pk>) or annotating the parameter type with @extend_schema. Defaulting to "string".
/home/chlorine/BidZone_2.0/src/auction/views.py: Warning [ReviewViewSet]: could not derive type of path parameter "id" because it is untyped and obtaining queryset from the viewset failed. Consider adding a type to the path (e.g. <int:id>) or annotating the parameter type with @extend_schema. Defaulting to "string".
/home/chlorine/BidZone_2.0/src/auction/views.py: Warning [TransactionViewSet]: could not derive type of path parameter "customer_pk" because model "src.auction.models.Transaction" contained no such field. Consider annotating parameter with @extend_schema. Defaulting to "string".
/home/chlorine/BidZone_2.0/src/auction/views.py: Warning [WishlistItemViewSet]: could not derive type of path parameter "wishlist_pk" because it is untyped and obtaining queryset from the viewset failed. Consider adding a type to the path (e.g. <int:wishlist_pk>) or annotating the parameter type with @extend_schema. Defaulting to "string".
/home/chlorine/BidZone_2.0/src/auction/views.py: Warning [WishlistItemViewSet]: Failed to obtain model through view's queryset due to raised exception. Prevent this either by setting "queryset = Model.objects.none()" on the view, checking for "getattr(self, "swagger_fake_view", False)" in get_queryset() or by simply using @extend_schema. (Exception: 'wishlist_pk')
/home/chlorine/BidZone_2.0/src/auction/views.py: Warning [WishlistItemViewSet]: could not derive type of path parameter "id" because it is untyped and obtaining queryset from the viewset failed. Consider adding a type to the path (e.g. <int:id>) or annotating the parameter type with @extend_schema. Defaulting to "string".
/home/chlorine/BidZone_2.0/src/core/serializers.py: Warning [UserViewSet > UserSerializer]: Encountered 2 components with identical names "User" and different identities <class 'src.core.serializers.UserSerializer'> and <class 'djoser.serializers.UserSerializer'>. This will very likely result in an incorrect schema. Try renaming one.
/home/chlorine/BidZone_2.0/src/core/serializers.py: Warning [UserViewSet > UserSerializer]: Encountered 2 components with identical names "PatchedUser" and different identities <class 'src.core.serializers.UserSerializer'> and <class 'djoser.serializers.UserSerializer'>. This will very likely result in an incorrect schema. Try renaming one.
Warning: operationId "api_auctions_retrieve" has collisions [('/api/auctions/{auction_id}/', 'get'), ('/api/auctions/{id}/', 'get'), ('/api/auctions/{slug}/', 'get')]. resolving with numeral suffixes.
Warning: operationId "api_auctions_update" has collisions [('/api/auctions/{auction_id}/', 'put'), ('/api/auctions/{id}/', 'put')]. resolving with numeral suffixes.
Warning: operationId "api_auctions_destroy" has collisions [('/api/auctions/{auction_id}/', 'delete'), ('/api/auctions/{id}/', 'delete')]. resolving with numeral suffixes.
Warning: operationId "api_collections_retrieve" has collisions [('/api/collections/{id}/', 'get'), ('/api/collections/{slug}/', 'get')]. resolving with numeral suffixes.
Warning: operationId "api_collections_update" has collisions [('/api/collections/{id}/', 'put'), ('/api/collections/{slug}/', 'put')]. resolving with numeral suffixes.
Warning: operationId "api_collections_destroy" has collisions [('/api/collections/{id}/', 'delete'), ('/api/collections/{slug}/', 'delete')]. resolving with numeral suffixes.
Not Found: /static/debug_toolbar/js/timer.js
Not Found: /static/debug_toolbar/css/print.css
[2024-12-25 15:14:43 +0545] [17728] [INFO] Handling signal: int
[2024-12-25 09:29:43 +0000] [17757] [INFO] Worker exiting (pid: 17757)
[2024-12-25 09:29:43 +0000] [17736] [INFO] Worker exiting (pid: 17736)
[2024-12-25 09:29:43 +0000] [17753] [INFO] Worker exiting (pid: 17753)
[2024-12-25 09:29:43 +0000] [17740] [INFO] Worker exiting (pid: 17740)
[2024-12-25 09:29:43 +0000] [17737] [INFO] Worker exiting (pid: 17737)
[2024-12-25 09:29:43 +0000] [17739] [INFO] Worker exiting (pid: 17739)
[2024-12-25 09:29:43 +0000] [17811] [INFO] Worker exiting (pid: 17811)
[2024-12-25 09:29:43 +0000] [17765] [INFO] Worker exiting (pid: 17765)
[2024-12-25 09:29:43 +0000] [17789] [INFO] Worker exiting (pid: 17789)
[2024-12-25 09:29:43 +0000] [17744] [INFO] Worker exiting (pid: 17744)
[2024-12-25 09:29:43 +0000] [17738] [INFO] Worker exiting (pid: 17738)
[2024-12-25 09:29:43 +0000] [17759] [INFO] Worker exiting (pid: 17759)
[2024-12-25 09:29:43 +0000] [17745] [INFO] Worker exiting (pid: 17745)
[2024-12-25 09:29:43 +0000] [17783] [INFO] Worker exiting (pid: 17783)
[2024-12-25 09:29:43 +0000] [17827] [INFO] Worker exiting (pid: 17827)
[2024-12-25 09:29:43 +0000] [17749] [INFO] Worker exiting (pid: 17749)
[2024-12-25 09:29:43 +0000] [17742] [INFO] Worker exiting (pid: 17742)
[2024-12-25 09:29:43 +0000] [17741] [INFO] Worker exiting (pid: 17741)
[2024-12-25 09:29:43 +0000] [17747] [INFO] Worker exiting (pid: 17747)
[2024-12-25 09:29:43 +0000] [17823] [INFO] Worker exiting (pid: 17823)
[2024-12-25 09:29:43 +0000] [17813] [INFO] Worker exiting (pid: 17813)
[2024-12-25 09:29:43 +0000] [17816] [INFO] Worker exiting (pid: 17816)
[2024-12-25 09:29:43 +0000] [17803] [INFO] Worker exiting (pid: 17803)
[2024-12-25 09:29:43 +0000] [17754] [INFO] Worker exiting (pid: 17754)
[2024-12-25 09:29:43 +0000] [17751] [INFO] Worker exiting (pid: 17751)
[2024-12-25 09:29:43 +0000] [17764] [INFO] Worker exiting (pid: 17764)
[2024-12-25 09:29:43 +0000] [17750] [INFO] Worker exiting (pid: 17750)
[2024-12-25 09:29:43 +0000] [17763] [INFO] Worker exiting (pid: 17763)
[2024-12-25 09:29:43 +0000] [17755] [INFO] Worker exiting (pid: 17755)
[2024-12-25 09:29:43 +0000] [17826] [INFO] Worker exiting (pid: 17826)
[2024-12-25 09:29:43 +0000] [17820] [INFO] Worker exiting (pid: 17820)
[2024-12-25 09:29:43 +0000] [17812] [INFO] Worker exiting (pid: 17812)
[2024-12-25 09:29:43 +0000] [17767] [INFO] Worker exiting (pid: 17767)
[2024-12-25 15:14:44 +0545] [17728] [INFO] Shutting down: Master
[2024-12-25 15:32:59 +0545] [24599] [INFO] Starting gunicorn 23.0.0
[2024-12-25 15:32:59 +0545] [24599] [INFO] Listening at: http://0.0.0.0:8000 (24599)
[2024-12-25 15:32:59 +0545] [24599] [INFO] Using worker: sync
[2024-12-25 15:32:59 +0545] [24600] [INFO] Booting worker with pid: 24600
[2024-12-25 15:32:59 +0545] [24601] [INFO] Booting worker with pid: 24601
[2024-12-25 15:32:59 +0545] [24602] [INFO] Booting worker with pid: 24602
[2024-12-25 15:32:59 +0545] [24606] [INFO] Booting worker with pid: 24606
[2024-12-25 15:32:59 +0545] [24611] [INFO] Booting worker with pid: 24611
[2024-12-25 15:32:59 +0545] [24612] [INFO] Booting worker with pid: 24612
[2024-12-25 15:32:59 +0545] [24613] [INFO] Booting worker with pid: 24613
[2024-12-25 15:32:59 +0545] [24615] [INFO] Booting worker with pid: 24615
[2024-12-25 15:32:59 +0545] [24616] [INFO] Booting worker with pid: 24616
[2024-12-25 15:33:00 +0545] [24618] [INFO] Booting worker with pid: 24618
[2024-12-25 15:33:00 +0545] [24619] [INFO] Booting worker with pid: 24619
[2024-12-25 15:33:00 +0545] [24623] [INFO] Booting worker with pid: 24623
[2024-12-25 15:33:00 +0545] [24626] [INFO] Booting worker with pid: 24626
[2024-12-25 15:33:00 +0545] [24630] [INFO] Booting worker with pid: 24630
[2024-12-25 15:33:00 +0545] [24631] [INFO] Booting worker with pid: 24631
[2024-12-25 15:33:00 +0545] [24633] [INFO] Booting worker with pid: 24633
[2024-12-25 15:33:00 +0545] [24642] [INFO] Booting worker with pid: 24642
[2024-12-25 15:33:00 +0545] [24650] [INFO] Booting worker with pid: 24650
[2024-12-25 15:33:00 +0545] [24675] [INFO] Booting worker with pid: 24675
[2024-12-25 15:33:00 +0545] [24677] [INFO] Booting worker with pid: 24677
[2024-12-25 15:33:00 +0545] [24679] [INFO] Booting worker with pid: 24679
[2024-12-25 15:33:00 +0545] [24681] [INFO] Booting worker with pid: 24681
[2024-12-25 15:33:00 +0545] [24682] [INFO] Booting worker with pid: 24682
[2024-12-25 15:33:00 +0545] [24684] [INFO] Booting worker with pid: 24684
[2024-12-25 15:33:01 +0545] [24687] [INFO] Booting worker with pid: 24687
[2024-12-25 15:33:01 +0545] [24688] [INFO] Booting worker with pid: 24688
[2024-12-25 15:33:01 +0545] [24689] [INFO] Booting worker with pid: 24689
[2024-12-25 15:33:01 +0545] [24692] [INFO] Booting worker with pid: 24692
[2024-12-25 15:33:01 +0545] [24694] [INFO] Booting worker with pid: 24694
[2024-12-25 15:33:01 +0545] [24695] [INFO] Booting worker with pid: 24695
[2024-12-25 15:33:01 +0545] [24697] [INFO] Booting worker with pid: 24697
[2024-12-25 15:33:01 +0545] [24700] [INFO] Booting worker with pid: 24700
[2024-12-25 15:33:01 +0545] [24701] [INFO] Booting worker with pid: 24701
[2024-12-25 15:34:13 +0545] [24599] [INFO] Handling signal: int
[2024-12-25 09:49:13 +0000] [24681] [INFO] Worker exiting (pid: 24681)
[2024-12-25 09:49:13 +0000] [24630] [INFO] Worker exiting (pid: 24630)
[2024-12-25 09:49:13 +0000] [24682] [INFO] Worker exiting (pid: 24682)
[2024-12-25 09:49:13 +0000] [24600] [INFO] Worker exiting (pid: 24600)
[2024-12-25 09:49:13 +0000] [24689] [INFO] Worker exiting (pid: 24689)
[2024-12-25 09:49:13 +0000] [24606] [INFO] Worker exiting (pid: 24606)
[2024-12-25 09:49:13 +0000] [24700] [INFO] Worker exiting (pid: 24700)
[2024-12-25 09:49:13 +0000] [24695] [INFO] Worker exiting (pid: 24695)
[2024-12-25 09:49:13 +0000] [24601] [INFO] Worker exiting (pid: 24601)
[2024-12-25 09:49:13 +0000] [24619] [INFO] Worker exiting (pid: 24619)
[2024-12-25 09:49:13 +0000] [24613] [INFO] Worker exiting (pid: 24613)
[2024-12-25 09:49:13 +0000] [24694] [INFO] Worker exiting (pid: 24694)
[2024-12-25 09:49:13 +0000] [24633] [INFO] Worker exiting (pid: 24633)
[2024-12-25 09:49:13 +0000] [24611] [INFO] Worker exiting (pid: 24611)
[2024-12-25 09:49:13 +0000] [24612] [INFO] Worker exiting (pid: 24612)
[2024-12-25 09:49:13 +0000] [24642] [INFO] Worker exiting (pid: 24642)
[2024-12-25 09:49:13 +0000] [24692] [INFO] Worker exiting (pid: 24692)
[2024-12-25 09:49:13 +0000] [24697] [INFO] Worker exiting (pid: 24697)
[2024-12-25 09:49:13 +0000] [24602] [INFO] Worker exiting (pid: 24602)
[2024-12-25 09:49:13 +0000] [24615] [INFO] Worker exiting (pid: 24615)
[2024-12-25 09:49:13 +0000] [24618] [INFO] Worker exiting (pid: 24618)
[2024-12-25 09:49:13 +0000] [24616] [INFO] Worker exiting (pid: 24616)
[2024-12-25 09:49:13 +0000] [24650] [INFO] Worker exiting (pid: 24650)
[2024-12-25 09:49:13 +0000] [24677] [INFO] Worker exiting (pid: 24677)
[2024-12-25 09:49:13 +0000] [24675] [INFO] Worker exiting (pid: 24675)
[2024-12-25 09:49:13 +0000] [24687] [INFO] Worker exiting (pid: 24687)
[2024-12-25 09:49:13 +0000] [24631] [INFO] Worker exiting (pid: 24631)
[2024-12-25 09:49:13 +0000] [24688] [INFO] Worker exiting (pid: 24688)
[2024-12-25 09:49:13 +0000] [24623] [INFO] Worker exiting (pid: 24623)
[2024-12-25 09:49:13 +0000] [24679] [INFO] Worker exiting (pid: 24679)
[2024-12-25 09:49:13 +0000] [24626] [INFO] Worker exiting (pid: 24626)
[2024-12-25 09:49:13 +0000] [24684] [INFO] Worker exiting (pid: 24684)
[2024-12-25 09:49:13 +0000] [24701] [INFO] Worker exiting (pid: 24701)
[2024-12-25 15:34:14 +0545] [24599] [INFO] Shutting down: Master
[2024-12-25 15:34:17 +0545] [25135] [INFO] Starting gunicorn 23.0.0
[2024-12-25 15:34:17 +0545] [25135] [INFO] Listening at: http://0.0.0.0:8000 (25135)
[2024-12-25 15:34:17 +0545] [25135] [INFO] Using worker: sync
[2024-12-25 15:34:17 +0545] [25136] [INFO] Booting worker with pid: 25136
[2024-12-25 15:34:17 +0545] [25138] [INFO] Booting worker with pid: 25138
[2024-12-25 15:34:17 +0545] [25141] [INFO] Booting worker with pid: 25141
[2024-12-25 15:34:17 +0545] [25145] [INFO] Booting worker with pid: 25145
[2024-12-25 15:34:17 +0545] [25146] [INFO] Booting worker with pid: 25146
[2024-12-25 15:34:17 +0545] [25148] [INFO] Booting worker with pid: 25148
[2024-12-25 15:34:17 +0545] [25151] [INFO] Booting worker with pid: 25151
[2024-12-25 15:34:17 +0545] [25152] [INFO] Booting worker with pid: 25152
[2024-12-25 15:34:17 +0545] [25155] [INFO] Booting worker with pid: 25155
[2024-12-25 15:34:17 +0545] [25157] [INFO] Booting worker with pid: 25157
[2024-12-25 15:34:17 +0545] [25158] [INFO] Booting worker with pid: 25158
[2024-12-25 15:34:17 +0545] [25161] [INFO] Booting worker with pid: 25161
[2024-12-25 15:34:17 +0545] [25162] [INFO] Booting worker with pid: 25162
[2024-12-25 15:34:17 +0545] [25164] [INFO] Booting worker with pid: 25164
[2024-12-25 15:34:17 +0545] [25167] [INFO] Booting worker with pid: 25167
[2024-12-25 15:34:17 +0545] [25168] [INFO] Booting worker with pid: 25168
[2024-12-25 15:34:18 +0545] [25171] [INFO] Booting worker with pid: 25171
[2024-12-25 15:34:18 +0545] [25172] [INFO] Booting worker with pid: 25172
[2024-12-25 15:34:18 +0545] [25176] [INFO] Booting worker with pid: 25176
[2024-12-25 15:34:18 +0545] [25202] [INFO] Booting worker with pid: 25202
[2024-12-25 15:34:18 +0545] [25207] [INFO] Booting worker with pid: 25207
[2024-12-25 15:34:18 +0545] [25210] [INFO] Booting worker with pid: 25210
[2024-12-25 15:34:18 +0545] [25211] [INFO] Booting worker with pid: 25211
[2024-12-25 15:34:18 +0545] [25212] [INFO] Booting worker with pid: 25212
[2024-12-25 15:34:18 +0545] [25213] [INFO] Booting worker with pid: 25213
[2024-12-25 15:34:18 +0545] [25215] [INFO] Booting worker with pid: 25215
[2024-12-25 15:34:18 +0545] [25217] [INFO] Booting worker with pid: 25217
[2024-12-25 15:34:18 +0545] [25218] [INFO] Booting worker with pid: 25218
[2024-12-25 15:34:18 +0545] [25222] [INFO] Booting worker with pid: 25222
[2024-12-25 15:34:18 +0545] [25223] [INFO] Booting worker with pid: 25223
[2024-12-25 15:34:18 +0545] [25226] [INFO] Booting worker with pid: 25226
[2024-12-25 15:34:18 +0545] [25230] [INFO] Booting worker with pid: 25230
[2024-12-25 15:34:18 +0545] [25232] [INFO] Booting worker with pid: 25232
Not Found: /static/debug_toolbar/js/timer.js
/home/chlorine/BidZone_2.0/src/auction/serializers.py: Warning [AuctionViewSet > AuctionSerializer > SimpleProductSerializer > SimpleCustomerSerializer]: unable to resolve type hint for function "first_name". Consider using a type hint or @extend_schema_field. Defaulting to string.
/home/chlorine/BidZone_2.0/src/auction/serializers.py: Warning [AuctionViewSet > AuctionSerializer > SimpleProductSerializer > SimpleCustomerSerializer]: unable to resolve type hint for function "last_name". Consider using a type hint or @extend_schema_field. Defaulting to string.
/home/chlorine/BidZone_2.0/src/auction/views.py: Warning [BidsViewSet]: could not derive type of path parameter "auction_pk" because it is untyped and obtaining queryset from the viewset failed. Consider adding a type to the path (e.g. <int:auction_pk>) or annotating the parameter type with @extend_schema. Defaulting to "string".
/home/chlorine/BidZone_2.0/src/auction/serializers.py: Warning [BidsViewSet > BidsSerializer > BidsCustomerSerializer]: unable to resolve type hint for function "first_name". Consider using a type hint or @extend_schema_field. Defaulting to string.
/home/chlorine/BidZone_2.0/src/auction/views.py: Warning [BidsViewSet]: could not derive type of path parameter "id" because it is untyped and obtaining queryset from the viewset failed. Consider adding a type to the path (e.g. <int:id>) or annotating the parameter type with @extend_schema. Defaulting to "string".
/home/chlorine/BidZone_2.0/src/auction/views.py: Warning [AuctionQuestionViewSet]: could not derive type of path parameter "auction_pk" because it is untyped and obtaining queryset from the viewset failed. Consider adding a type to the path (e.g. <int:auction_pk>) or annotating the parameter type with @extend_schema. Defaulting to "string".
/home/chlorine/BidZone_2.0/src/auction/views.py: Warning [AuctionQuestionViewSet]: could not derive type of path parameter "id" because it is untyped and obtaining queryset from the viewset failed. Consider adding a type to the path (e.g. <int:id>) or annotating the parameter type with @extend_schema. Defaulting to "string".
/home/chlorine/BidZone_2.0/src/auction/views.py: Warning [AuctionAnswerViewSet]: could not derive type of path parameter "auction_pk" because it is untyped and obtaining queryset from the viewset failed. Consider adding a type to the path (e.g. <int:auction_pk>) or annotating the parameter type with @extend_schema. Defaulting to "string".
/home/chlorine/BidZone_2.0/src/auction/views.py: Warning [AuctionAnswerViewSet]: could not derive type of path parameter "question_pk" because it is untyped and obtaining queryset from the viewset failed. Consider adding a type to the path (e.g. <int:question_pk>) or annotating the parameter type with @extend_schema. Defaulting to "string".
/home/chlorine/BidZone_2.0/src/auction/views.py: Warning [AuctionAnswerViewSet]: could not derive type of path parameter "id" because it is untyped and obtaining queryset from the viewset failed. Consider adding a type to the path (e.g. <int:id>) or annotating the parameter type with @extend_schema. Defaulting to "string".
/home/chlorine/BidZone_2.0/src/auction/serializers.py: Warning [CustomerViewSet > CustomerSerializer]: unable to resolve type hint for function "first_name". Consider using a type hint or @extend_schema_field. Defaulting to string.
/home/chlorine/BidZone_2.0/src/auction/serializers.py: Warning [CustomerViewSet > CustomerSerializer]: unable to resolve type hint for function "last_name". Consider using a type hint or @extend_schema_field. Defaulting to string.
/home/chlorine/BidZone_2.0/src/auction/serializers.py: Warning [CustomerViewSet > CustomerSerializer]: unable to resolve type hint for function "username". Consider using a type hint or @extend_schema_field. Defaulting to string.
/home/chlorine/BidZone_2.0/src/auction/serializers.py: Warning [CustomerViewSet > CustomerSerializer]: unable to resolve type hint for function "email". Consider using a type hint or @extend_schema_field. Defaulting to string.
/home/chlorine/BidZone_2.0/src/auction/serializers.py: Warning [CustomerViewSet > CustomerSerializer]: unable to resolve type hint for function "get_user_balance". Consider using a type hint or @extend_schema_field. Defaulting to string.
/home/chlorine/BidZone_2.0/src/auction/views.py: Warning [AddressViewSet]: could not derive type of path parameter "customer_pk" because it is untyped and obtaining queryset from the viewset failed. Consider adding a type to the path (e.g. <int:customer_pk>) or annotating the parameter type with @extend_schema. Defaulting to "string".
/home/chlorine/BidZone_2.0/src/auction/views.py: Warning [AddressViewSet]: could not derive type of path parameter "id" because it is untyped and obtaining queryset from the viewset failed. Consider adding a type to the path (e.g. <int:id>) or annotating the parameter type with @extend_schema. Defaulting to "string".
/home/chlorine/BidZone_2.0/src/auction/views.py: Warning [CustomerCoinViewSet]: could not derive type of path parameter "customer_pk" because it is untyped and obtaining queryset from the viewset failed. Consider adding a type to the path (e.g. <int:customer_pk>) or annotating the parameter type with @extend_schema. Defaulting to "string".
/home/chlorine/BidZone_2.0/src/auction/views.py: Warning [CustomerCoinViewSet]: could not derive type of path parameter "id" because it is untyped and obtaining queryset from the viewset failed. Consider adding a type to the path (e.g. <int:id>) or annotating the parameter type with @extend_schema. Defaulting to "string".
/home/chlorine/BidZone_2.0/src/auction/views.py: Warning [DeliveryViewSet]: could not derive type of path parameter "customer_pk" because it is untyped and obtaining queryset from the viewset failed. Consider adding a type to the path (e.g. <int:customer_pk>) or annotating the parameter type with @extend_schema. Defaulting to "string".
/home/chlorine/BidZone_2.0/src/auction/views.py: Warning [DeliveryViewSet]: could not derive type of path parameter "id" because it is untyped and obtaining queryset from the viewset failed. Consider adding a type to the path (e.g. <int:id>) or annotating the parameter type with @extend_schema. Defaulting to "string".
/home/chlorine/BidZone_2.0/src/auction/views.py: Warning [ProductImageViewSet]: could not derive type of path parameter "customer_pk" because it is untyped and obtaining queryset from the viewset failed. Consider adding a type to the path (e.g. <int:customer_pk>) or annotating the parameter type with @extend_schema. Defaulting to "string".
/home/chlorine/BidZone_2.0/src/auction/views.py: Warning [ProductImageViewSet]: could not derive type of path parameter "product_pk" because it is untyped and obtaining queryset from the viewset failed. Consider adding a type to the path (e.g. <int:product_pk>) or annotating the parameter type with @extend_schema. Defaulting to "string".
/home/chlorine/BidZone_2.0/src/auction/views.py: Warning [ProductImageViewSet]: could not derive type of path parameter "id" because it is untyped and obtaining queryset from the viewset failed. Consider adding a type to the path (e.g. <int:id>) or annotating the parameter type with @extend_schema. Defaulting to "string".
/home/chlorine/BidZone_2.0/src/auction/views.py: Warning [ReviewViewSet]: could not derive type of path parameter "customer_pk" because it is untyped and obtaining queryset from the viewset failed. Consider adding a type to the path (e.g. <int:customer_pk>) or annotating the parameter type with @extend_schema. Defaulting to "string".
/home/chlorine/BidZone_2.0/src/auction/views.py: Warning [ReviewViewSet]: could not derive type of path parameter "id" because it is untyped and obtaining queryset from the viewset failed. Consider adding a type to the path (e.g. <int:id>) or annotating the parameter type with @extend_schema. Defaulting to "string".
/home/chlorine/BidZone_2.0/src/auction/views.py: Warning [TransactionViewSet]: could not derive type of path parameter "customer_pk" because model "src.auction.models.Transaction" contained no such field. Consider annotating parameter with @extend_schema. Defaulting to "string".
/home/chlorine/BidZone_2.0/src/auction/views.py: Warning [WishlistItemViewSet]: could not derive type of path parameter "wishlist_pk" because it is untyped and obtaining queryset from the viewset failed. Consider adding a type to the path (e.g. <int:wishlist_pk>) or annotating the parameter type with @extend_schema. Defaulting to "string".
/home/chlorine/BidZone_2.0/src/auction/views.py: Warning [WishlistItemViewSet]: Failed to obtain model through view's queryset due to raised exception. Prevent this either by setting "queryset = Model.objects.none()" on the view, checking for "getattr(self, "swagger_fake_view", False)" in get_queryset() or by simply using @extend_schema. (Exception: 'wishlist_pk')
/home/chlorine/BidZone_2.0/src/auction/views.py: Warning [WishlistItemViewSet]: could not derive type of path parameter "id" because it is untyped and obtaining queryset from the viewset failed. Consider adding a type to the path (e.g. <int:id>) or annotating the parameter type with @extend_schema. Defaulting to "string".
/home/chlorine/BidZone_2.0/src/core/serializers.py: Warning [UserViewSet > UserSerializer]: Encountered 2 components with identical names "User" and different identities <class 'src.core.serializers.UserSerializer'> and <class 'djoser.serializers.UserSerializer'>. This will very likely result in an incorrect schema. Try renaming one.
/home/chlorine/BidZone_2.0/src/core/serializers.py: Warning [UserViewSet > UserSerializer]: Encountered 2 components with identical names "PatchedUser" and different identities <class 'src.core.serializers.UserSerializer'> and <class 'djoser.serializers.UserSerializer'>. This will very likely result in an incorrect schema. Try renaming one.
Warning: operationId "api_auctions_retrieve" has collisions [('/api/auctions/{auction_id}/', 'get'), ('/api/auctions/{id}/', 'get'), ('/api/auctions/{slug}/', 'get')]. resolving with numeral suffixes.
Warning: operationId "api_auctions_update" has collisions [('/api/auctions/{auction_id}/', 'put'), ('/api/auctions/{id}/', 'put')]. resolving with numeral suffixes.
Warning: operationId "api_auctions_destroy" has collisions [('/api/auctions/{auction_id}/', 'delete'), ('/api/auctions/{id}/', 'delete')]. resolving with numeral suffixes.
Warning: operationId "api_collections_retrieve" has collisions [('/api/collections/{id}/', 'get'), ('/api/collections/{slug}/', 'get')]. resolving with numeral suffixes.
Warning: operationId "api_collections_update" has collisions [('/api/collections/{id}/', 'put'), ('/api/collections/{slug}/', 'put')]. resolving with numeral suffixes.
Warning: operationId "api_collections_destroy" has collisions [('/api/collections/{id}/', 'delete'), ('/api/collections/{slug}/', 'delete')]. resolving with numeral suffixes.
Not Found: /static/admin/css/base.css
Not Found: /static/admin/js/theme.js
Not Found: /static/admin/css/responsive.css
Not Found: /static/admin/css/dashboard.css
Not Found: /static/admin/css/nav_sidebar.css
Not Found: /static/admin/css/dark_mode.css
Not Found: /static/debug_toolbar/js/timer.js
Not Found: /static/admin/css/responsive.css
Not Found: /static/admin/css/nav_sidebar.css
Not Found: /static/admin/js/nav_sidebar.js
Not Found: /static/admin/css/dashboard.css
Not Found: /favicon.ico
Not Found: /static/debug_toolbar/js/timer.js
/home/chlorine/BidZone_2.0/src/auction/serializers.py: Warning [AuctionViewSet > AuctionSerializer > SimpleProductSerializer > SimpleCustomerSerializer]: unable to resolve type hint for function "first_name". Consider using a type hint or @extend_schema_field. Defaulting to string.
/home/chlorine/BidZone_2.0/src/auction/serializers.py: Warning [AuctionViewSet > AuctionSerializer > SimpleProductSerializer > SimpleCustomerSerializer]: unable to resolve type hint for function "last_name". Consider using a type hint or @extend_schema_field. Defaulting to string.
/home/chlorine/BidZone_2.0/src/auction/views.py: Warning [BidsViewSet]: could not derive type of path parameter "auction_pk" because it is untyped and obtaining queryset from the viewset failed. Consider adding a type to the path (e.g. <int:auction_pk>) or annotating the parameter type with @extend_schema. Defaulting to "string".
/home/chlorine/BidZone_2.0/src/auction/serializers.py: Warning [BidsViewSet > BidsSerializer > BidsCustomerSerializer]: unable to resolve type hint for function "first_name". Consider using a type hint or @extend_schema_field. Defaulting to string.
/home/chlorine/BidZone_2.0/src/auction/views.py: Warning [BidsViewSet]: could not derive type of path parameter "id" because it is untyped and obtaining queryset from the viewset failed. Consider adding a type to the path (e.g. <int:id>) or annotating the parameter type with @extend_schema. Defaulting to "string".
/home/chlorine/BidZone_2.0/src/auction/views.py: Warning [AuctionQuestionViewSet]: could not derive type of path parameter "auction_pk" because it is untyped and obtaining queryset from the viewset failed. Consider adding a type to the path (e.g. <int:auction_pk>) or annotating the parameter type with @extend_schema. Defaulting to "string".
/home/chlorine/BidZone_2.0/src/auction/views.py: Warning [AuctionQuestionViewSet]: could not derive type of path parameter "id" because it is untyped and obtaining queryset from the viewset failed. Consider adding a type to the path (e.g. <int:id>) or annotating the parameter type with @extend_schema. Defaulting to "string".
/home/chlorine/BidZone_2.0/src/auction/views.py: Warning [AuctionAnswerViewSet]: could not derive type of path parameter "auction_pk" because it is untyped and obtaining queryset from the viewset failed. Consider adding a type to the path (e.g. <int:auction_pk>) or annotating the parameter type with @extend_schema. Defaulting to "string".
/home/chlorine/BidZone_2.0/src/auction/views.py: Warning [AuctionAnswerViewSet]: could not derive type of path parameter "question_pk" because it is untyped and obtaining queryset from the viewset failed. Consider adding a type to the path (e.g. <int:question_pk>) or annotating the parameter type with @extend_schema. Defaulting to "string".
/home/chlorine/BidZone_2.0/src/auction/views.py: Warning [AuctionAnswerViewSet]: could not derive type of path parameter "id" because it is untyped and obtaining queryset from the viewset failed. Consider adding a type to the path (e.g. <int:id>) or annotating the parameter type with @extend_schema. Defaulting to "string".
/home/chlorine/BidZone_2.0/src/auction/serializers.py: Warning [CustomerViewSet > CustomerSerializer]: unable to resolve type hint for function "first_name". Consider using a type hint or @extend_schema_field. Defaulting to string.
/home/chlorine/BidZone_2.0/src/auction/serializers.py: Warning [CustomerViewSet > CustomerSerializer]: unable to resolve type hint for function "last_name". Consider using a type hint or @extend_schema_field. Defaulting to string.
/home/chlorine/BidZone_2.0/src/auction/serializers.py: Warning [CustomerViewSet > CustomerSerializer]: unable to resolve type hint for function "username". Consider using a type hint or @extend_schema_field. Defaulting to string.
/home/chlorine/BidZone_2.0/src/auction/serializers.py: Warning [CustomerViewSet > CustomerSerializer]: unable to resolve type hint for function "email". Consider using a type hint or @extend_schema_field. Defaulting to string.
/home/chlorine/BidZone_2.0/src/auction/serializers.py: Warning [CustomerViewSet > CustomerSerializer]: unable to resolve type hint for function "get_user_balance". Consider using a type hint or @extend_schema_field. Defaulting to string.
/home/chlorine/BidZone_2.0/src/auction/views.py: Warning [AddressViewSet]: could not derive type of path parameter "customer_pk" because it is untyped and obtaining queryset from the viewset failed. Consider adding a type to the path (e.g. <int:customer_pk>) or annotating the parameter type with @extend_schema. Defaulting to "string".
/home/chlorine/BidZone_2.0/src/auction/views.py: Warning [AddressViewSet]: could not derive type of path parameter "id" because it is untyped and obtaining queryset from the viewset failed. Consider adding a type to the path (e.g. <int:id>) or annotating the parameter type with @extend_schema. Defaulting to "string".
/home/chlorine/BidZone_2.0/src/auction/views.py: Warning [CustomerCoinViewSet]: could not derive type of path parameter "customer_pk" because it is untyped and obtaining queryset from the viewset failed. Consider adding a type to the path (e.g. <int:customer_pk>) or annotating the parameter type with @extend_schema. Defaulting to "string".
/home/chlorine/BidZone_2.0/src/auction/views.py: Warning [CustomerCoinViewSet]: could not derive type of path parameter "id" because it is untyped and obtaining queryset from the viewset failed. Consider adding a type to the path (e.g. <int:id>) or annotating the parameter type with @extend_schema. Defaulting to "string".
/home/chlorine/BidZone_2.0/src/auction/views.py: Warning [DeliveryViewSet]: could not derive type of path parameter "customer_pk" because it is untyped and obtaining queryset from the viewset failed. Consider adding a type to the path (e.g. <int:customer_pk>) or annotating the parameter type with @extend_schema. Defaulting to "string".
/home/chlorine/BidZone_2.0/src/auction/views.py: Warning [DeliveryViewSet]: could not derive type of path parameter "id" because it is untyped and obtaining queryset from the viewset failed. Consider adding a type to the path (e.g. <int:id>) or annotating the parameter type with @extend_schema. Defaulting to "string".
/home/chlorine/BidZone_2.0/src/auction/views.py: Warning [ProductImageViewSet]: could not derive type of path parameter "customer_pk" because it is untyped and obtaining queryset from the viewset failed. Consider adding a type to the path (e.g. <int:customer_pk>) or annotating the parameter type with @extend_schema. Defaulting to "string".
/home/chlorine/BidZone_2.0/src/auction/views.py: Warning [ProductImageViewSet]: could not derive type of path parameter "product_pk" because it is untyped and obtaining queryset from the viewset failed. Consider adding a type to the path (e.g. <int:product_pk>) or annotating the parameter type with @extend_schema. Defaulting to "string".
/home/chlorine/BidZone_2.0/src/auction/views.py: Warning [ProductImageViewSet]: could not derive type of path parameter "id" because it is untyped and obtaining queryset from the viewset failed. Consider adding a type to the path (e.g. <int:id>) or annotating the parameter type with @extend_schema. Defaulting to "string".
/home/chlorine/BidZone_2.0/src/auction/views.py: Warning [ReviewViewSet]: could not derive type of path parameter "customer_pk" because it is untyped and obtaining queryset from the viewset failed. Consider adding a type to the path (e.g. <int:customer_pk>) or annotating the parameter type with @extend_schema. Defaulting to "string".
/home/chlorine/BidZone_2.0/src/auction/views.py: Warning [ReviewViewSet]: could not derive type of path parameter "id" because it is untyped and obtaining queryset from the viewset failed. Consider adding a type to the path (e.g. <int:id>) or annotating the parameter type with @extend_schema. Defaulting to "string".
/home/chlorine/BidZone_2.0/src/auction/views.py: Warning [TransactionViewSet]: could not derive type of path parameter "customer_pk" because model "src.auction.models.Transaction" contained no such field. Consider annotating parameter with @extend_schema. Defaulting to "string".
/home/chlorine/BidZone_2.0/src/auction/views.py: Warning [WishlistItemViewSet]: could not derive type of path parameter "wishlist_pk" because it is untyped and obtaining queryset from the viewset failed. Consider adding a type to the path (e.g. <int:wishlist_pk>) or annotating the parameter type with @extend_schema. Defaulting to "string".
/home/chlorine/BidZone_2.0/src/auction/views.py: Warning [WishlistItemViewSet]: Failed to obtain model through view's queryset due to raised exception. Prevent this either by setting "queryset = Model.objects.none()" on the view, checking for "getattr(self, "swagger_fake_view", False)" in get_queryset() or by simply using @extend_schema. (Exception: 'wishlist_pk')
/home/chlorine/BidZone_2.0/src/auction/views.py: Warning [WishlistItemViewSet]: could not derive type of path parameter "id" because it is untyped and obtaining queryset from the viewset failed. Consider adding a type to the path (e.g. <int:id>) or annotating the parameter type with @extend_schema. Defaulting to "string".
/home/chlorine/BidZone_2.0/src/core/serializers.py: Warning [UserViewSet > UserSerializer]: Encountered 2 components with identical names "User" and different identities <class 'src.core.serializers.UserSerializer'> and <class 'djoser.serializers.UserSerializer'>. This will very likely result in an incorrect schema. Try renaming one.
/home/chlorine/BidZone_2.0/src/core/serializers.py: Warning [UserViewSet > UserSerializer]: Encountered 2 components with identical names "PatchedUser" and different identities <class 'src.core.serializers.UserSerializer'> and <class 'djoser.serializers.UserSerializer'>. This will very likely result in an incorrect schema. Try renaming one.
Warning: operationId "api_auctions_retrieve" has collisions [('/api/auctions/{auction_id}/', 'get'), ('/api/auctions/{id}/', 'get'), ('/api/auctions/{slug}/', 'get')]. resolving with numeral suffixes.
Warning: operationId "api_auctions_update" has collisions [('/api/auctions/{auction_id}/', 'put'), ('/api/auctions/{id}/', 'put')]. resolving with numeral suffixes.
Warning: operationId "api_auctions_destroy" has collisions [('/api/auctions/{auction_id}/', 'delete'), ('/api/auctions/{id}/', 'delete')]. resolving with numeral suffixes.
Warning: operationId "api_collections_retrieve" has collisions [('/api/collections/{id}/', 'get'), ('/api/collections/{slug}/', 'get')]. resolving with numeral suffixes.
Warning: operationId "api_collections_update" has collisions [('/api/collections/{id}/', 'put'), ('/api/collections/{slug}/', 'put')]. resolving with numeral suffixes.
Warning: operationId "api_collections_destroy" has collisions [('/api/collections/{id}/', 'delete'), ('/api/collections/{slug}/', 'delete')]. resolving with numeral suffixes.
Not Found: /static/debug_toolbar/css/toolbar.css
Not Found: /static/debug_toolbar/js/toolbar.js
Not Found: /static/debug_toolbar/js/timer.js
/home/chlorine/BidZone_2.0/src/auction/serializers.py: Warning [AuctionViewSet > AuctionSerializer > SimpleProductSerializer > SimpleCustomerSerializer]: unable to resolve type hint for function "first_name". Consider using a type hint or @extend_schema_field. Defaulting to string.
/home/chlorine/BidZone_2.0/src/auction/serializers.py: Warning [AuctionViewSet > AuctionSerializer > SimpleProductSerializer > SimpleCustomerSerializer]: unable to resolve type hint for function "last_name". Consider using a type hint or @extend_schema_field. Defaulting to string.
/home/chlorine/BidZone_2.0/src/auction/views.py: Warning [BidsViewSet]: could not derive type of path parameter "auction_pk" because it is untyped and obtaining queryset from the viewset failed. Consider adding a type to the path (e.g. <int:auction_pk>) or annotating the parameter type with @extend_schema. Defaulting to "string".
/home/chlorine/BidZone_2.0/src/auction/serializers.py: Warning [BidsViewSet > BidsSerializer > BidsCustomerSerializer]: unable to resolve type hint for function "first_name". Consider using a type hint or @extend_schema_field. Defaulting to string.
/home/chlorine/BidZone_2.0/src/auction/views.py: Warning [BidsViewSet]: could not derive type of path parameter "id" because it is untyped and obtaining queryset from the viewset failed. Consider adding a type to the path (e.g. <int:id>) or annotating the parameter type with @extend_schema. Defaulting to "string".
/home/chlorine/BidZone_2.0/src/auction/views.py: Warning [AuctionQuestionViewSet]: could not derive type of path parameter "auction_pk" because it is untyped and obtaining queryset from the viewset failed. Consider adding a type to the path (e.g. <int:auction_pk>) or annotating the parameter type with @extend_schema. Defaulting to "string".
/home/chlorine/BidZone_2.0/src/auction/views.py: Warning [AuctionQuestionViewSet]: could not derive type of path parameter "id" because it is untyped and obtaining queryset from the viewset failed. Consider adding a type to the path (e.g. <int:id>) or annotating the parameter type with @extend_schema. Defaulting to "string".
/home/chlorine/BidZone_2.0/src/auction/views.py: Warning [AuctionAnswerViewSet]: could not derive type of path parameter "auction_pk" because it is untyped and obtaining queryset from the viewset failed. Consider adding a type to the path (e.g. <int:auction_pk>) or annotating the parameter type with @extend_schema. Defaulting to "string".
/home/chlorine/BidZone_2.0/src/auction/views.py: Warning [AuctionAnswerViewSet]: could not derive type of path parameter "question_pk" because it is untyped and obtaining queryset from the viewset failed. Consider adding a type to the path (e.g. <int:question_pk>) or annotating the parameter type with @extend_schema. Defaulting to "string".
/home/chlorine/BidZone_2.0/src/auction/views.py: Warning [AuctionAnswerViewSet]: could not derive type of path parameter "id" because it is untyped and obtaining queryset from the viewset failed. Consider adding a type to the path (e.g. <int:id>) or annotating the parameter type with @extend_schema. Defaulting to "string".
/home/chlorine/BidZone_2.0/src/auction/serializers.py: Warning [CustomerViewSet > CustomerSerializer]: unable to resolve type hint for function "first_name". Consider using a type hint or @extend_schema_field. Defaulting to string.
/home/chlorine/BidZone_2.0/src/auction/serializers.py: Warning [CustomerViewSet > CustomerSerializer]: unable to resolve type hint for function "last_name". Consider using a type hint or @extend_schema_field. Defaulting to string.
/home/chlorine/BidZone_2.0/src/auction/serializers.py: Warning [CustomerViewSet > CustomerSerializer]: unable to resolve type hint for function "username". Consider using a type hint or @extend_schema_field. Defaulting to string.
/home/chlorine/BidZone_2.0/src/auction/serializers.py: Warning [CustomerViewSet > CustomerSerializer]: unable to resolve type hint for function "email". Consider using a type hint or @extend_schema_field. Defaulting to string.
/home/chlorine/BidZone_2.0/src/auction/serializers.py: Warning [CustomerViewSet > CustomerSerializer]: unable to resolve type hint for function "get_user_balance". Consider using a type hint or @extend_schema_field. Defaulting to string.
/home/chlorine/BidZone_2.0/src/auction/views.py: Warning [AddressViewSet]: could not derive type of path parameter "customer_pk" because it is untyped and obtaining queryset from the viewset failed. Consider adding a type to the path (e.g. <int:customer_pk>) or annotating the parameter type with @extend_schema. Defaulting to "string".
/home/chlorine/BidZone_2.0/src/auction/views.py: Warning [AddressViewSet]: could not derive type of path parameter "id" because it is untyped and obtaining queryset from the viewset failed. Consider adding a type to the path (e.g. <int:id>) or annotating the parameter type with @extend_schema. Defaulting to "string".
/home/chlorine/BidZone_2.0/src/auction/views.py: Warning [CustomerCoinViewSet]: could not derive type of path parameter "customer_pk" because it is untyped and obtaining queryset from the viewset failed. Consider adding a type to the path (e.g. <int:customer_pk>) or annotating the parameter type with @extend_schema. Defaulting to "string".
/home/chlorine/BidZone_2.0/src/auction/views.py: Warning [CustomerCoinViewSet]: could not derive type of path parameter "id" because it is untyped and obtaining queryset from the viewset failed. Consider adding a type to the path (e.g. <int:id>) or annotating the parameter type with @extend_schema. Defaulting to "string".
/home/chlorine/BidZone_2.0/src/auction/views.py: Warning [DeliveryViewSet]: could not derive type of path parameter "customer_pk" because it is untyped and obtaining queryset from the viewset failed. Consider adding a type to the path (e.g. <int:customer_pk>) or annotating the parameter type with @extend_schema. Defaulting to "string".
/home/chlorine/BidZone_2.0/src/auction/views.py: Warning [DeliveryViewSet]: could not derive type of path parameter "id" because it is untyped and obtaining queryset from the viewset failed. Consider adding a type to the path (e.g. <int:id>) or annotating the parameter type with @extend_schema. Defaulting to "string".
/home/chlorine/BidZone_2.0/src/auction/views.py: Warning [ProductImageViewSet]: could not derive type of path parameter "customer_pk" because it is untyped and obtaining queryset from the viewset failed. Consider adding a type to the path (e.g. <int:customer_pk>) or annotating the parameter type with @extend_schema. Defaulting to "string".
/home/chlorine/BidZone_2.0/src/auction/views.py: Warning [ProductImageViewSet]: could not derive type of path parameter "product_pk" because it is untyped and obtaining queryset from the viewset failed. Consider adding a type to the path (e.g. <int:product_pk>) or annotating the parameter type with @extend_schema. Defaulting to "string".
/home/chlorine/BidZone_2.0/src/auction/views.py: Warning [ProductImageViewSet]: could not derive type of path parameter "id" because it is untyped and obtaining queryset from the viewset failed. Consider adding a type to the path (e.g. <int:id>) or annotating the parameter type with @extend_schema. Defaulting to "string".
Not Found: /static/debug_toolbar/css/print.css
/home/chlorine/BidZone_2.0/src/auction/views.py: Warning [ReviewViewSet]: could not derive type of path parameter "customer_pk" because it is untyped and obtaining queryset from the viewset failed. Consider adding a type to the path (e.g. <int:customer_pk>) or annotating the parameter type with @extend_schema. Defaulting to "string".
/home/chlorine/BidZone_2.0/src/auction/views.py: Warning [ReviewViewSet]: could not derive type of path parameter "id" because it is untyped and obtaining queryset from the viewset failed. Consider adding a type to the path (e.g. <int:id>) or annotating the parameter type with @extend_schema. Defaulting to "string".
/home/chlorine/BidZone_2.0/src/auction/views.py: Warning [TransactionViewSet]: could not derive type of path parameter "customer_pk" because model "src.auction.models.Transaction" contained no such field. Consider annotating parameter with @extend_schema. Defaulting to "string".
/home/chlorine/BidZone_2.0/src/auction/views.py: Warning [WishlistItemViewSet]: could not derive type of path parameter "wishlist_pk" because it is untyped and obtaining queryset from the viewset failed. Consider adding a type to the path (e.g. <int:wishlist_pk>) or annotating the parameter type with @extend_schema. Defaulting to "string".
/home/chlorine/BidZone_2.0/src/auction/views.py: Warning [WishlistItemViewSet]: Failed to obtain model through view's queryset due to raised exception. Prevent this either by setting "queryset = Model.objects.none()" on the view, checking for "getattr(self, "swagger_fake_view", False)" in get_queryset() or by simply using @extend_schema. (Exception: 'wishlist_pk')
/home/chlorine/BidZone_2.0/src/auction/views.py: Warning [WishlistItemViewSet]: could not derive type of path parameter "id" because it is untyped and obtaining queryset from the viewset failed. Consider adding a type to the path (e.g. <int:id>) or annotating the parameter type with @extend_schema. Defaulting to "string".
/home/chlorine/BidZone_2.0/src/core/serializers.py: Warning [UserViewSet > UserSerializer]: Encountered 2 components with identical names "User" and different identities <class 'src.core.serializers.UserSerializer'> and <class 'djoser.serializers.UserSerializer'>. This will very likely result in an incorrect schema. Try renaming one.
/home/chlorine/BidZone_2.0/src/core/serializers.py: Warning [UserViewSet > UserSerializer]: Encountered 2 components with identical names "PatchedUser" and different identities <class 'src.core.serializers.UserSerializer'> and <class 'djoser.serializers.UserSerializer'>. This will very likely result in an incorrect schema. Try renaming one.
Warning: operationId "api_auctions_retrieve" has collisions [('/api/auctions/{auction_id}/', 'get'), ('/api/auctions/{id}/', 'get'), ('/api/auctions/{slug}/', 'get')]. resolving with numeral suffixes.
Warning: operationId "api_auctions_update" has collisions [('/api/auctions/{auction_id}/', 'put'), ('/api/auctions/{id}/', 'put')]. resolving with numeral suffixes.
Warning: operationId "api_auctions_destroy" has collisions [('/api/auctions/{auction_id}/', 'delete'), ('/api/auctions/{id}/', 'delete')]. resolving with numeral suffixes.
Warning: operationId "api_collections_retrieve" has collisions [('/api/collections/{id}/', 'get'), ('/api/collections/{slug}/', 'get')]. resolving with numeral suffixes.
Warning: operationId "api_collections_update" has collisions [('/api/collections/{id}/', 'put'), ('/api/collections/{slug}/', 'put')]. resolving with numeral suffixes.
Warning: operationId "api_collections_destroy" has collisions [('/api/collections/{id}/', 'delete'), ('/api/collections/{slug}/', 'delete')]. resolving with numeral suffixes.
Not Found: /static/debug_toolbar/css/toolbar.css
Not Found: /static/debug_toolbar/js/timer.js
Not Found: /static/debug_toolbar/js/toolbar.js
/home/chlorine/BidZone_2.0/src/auction/serializers.py: Warning [AuctionViewSet > AuctionSerializer > SimpleProductSerializer > SimpleCustomerSerializer]: unable to resolve type hint for function "first_name". Consider using a type hint or @extend_schema_field. Defaulting to string.
/home/chlorine/BidZone_2.0/src/auction/serializers.py: Warning [AuctionViewSet > AuctionSerializer > SimpleProductSerializer > SimpleCustomerSerializer]: unable to resolve type hint for function "last_name". Consider using a type hint or @extend_schema_field. Defaulting to string.
/home/chlorine/BidZone_2.0/src/auction/views.py: Warning [BidsViewSet]: could not derive type of path parameter "auction_pk" because it is untyped and obtaining queryset from the viewset failed. Consider adding a type to the path (e.g. <int:auction_pk>) or annotating the parameter type with @extend_schema. Defaulting to "string".
/home/chlorine/BidZone_2.0/src/auction/serializers.py: Warning [BidsViewSet > BidsSerializer > BidsCustomerSerializer]: unable to resolve type hint for function "first_name". Consider using a type hint or @extend_schema_field. Defaulting to string.
/home/chlorine/BidZone_2.0/src/auction/views.py: Warning [BidsViewSet]: could not derive type of path parameter "id" because it is untyped and obtaining queryset from the viewset failed. Consider adding a type to the path (e.g. <int:id>) or annotating the parameter type with @extend_schema. Defaulting to "string".
/home/chlorine/BidZone_2.0/src/auction/views.py: Warning [AuctionQuestionViewSet]: could not derive type of path parameter "auction_pk" because it is untyped and obtaining queryset from the viewset failed. Consider adding a type to the path (e.g. <int:auction_pk>) or annotating the parameter type with @extend_schema. Defaulting to "string".
/home/chlorine/BidZone_2.0/src/auction/views.py: Warning [AuctionQuestionViewSet]: could not derive type of path parameter "id" because it is untyped and obtaining queryset from the viewset failed. Consider adding a type to the path (e.g. <int:id>) or annotating the parameter type with @extend_schema. Defaulting to "string".
/home/chlorine/BidZone_2.0/src/auction/views.py: Warning [AuctionAnswerViewSet]: could not derive type of path parameter "auction_pk" because it is untyped and obtaining queryset from the viewset failed. Consider adding a type to the path (e.g. <int:auction_pk>) or annotating the parameter type with @extend_schema. Defaulting to "string".
/home/chlorine/BidZone_2.0/src/auction/views.py: Warning [AuctionAnswerViewSet]: could not derive type of path parameter "question_pk" because it is untyped and obtaining queryset from the viewset failed. Consider adding a type to the path (e.g. <int:question_pk>) or annotating the parameter type with @extend_schema. Defaulting to "string".
/home/chlorine/BidZone_2.0/src/auction/views.py: Warning [AuctionAnswerViewSet]: could not derive type of path parameter "id" because it is untyped and obtaining queryset from the viewset failed. Consider adding a type to the path (e.g. <int:id>) or annotating the parameter type with @extend_schema. Defaulting to "string".
/home/chlorine/BidZone_2.0/src/auction/serializers.py: Warning [CustomerViewSet > CustomerSerializer]: unable to resolve type hint for function "first_name". Consider using a type hint or @extend_schema_field. Defaulting to string.
/home/chlorine/BidZone_2.0/src/auction/serializers.py: Warning [CustomerViewSet > CustomerSerializer]: unable to resolve type hint for function "last_name". Consider using a type hint or @extend_schema_field. Defaulting to string.
/home/chlorine/BidZone_2.0/src/auction/serializers.py: Warning [CustomerViewSet > CustomerSerializer]: unable to resolve type hint for function "username". Consider using a type hint or @extend_schema_field. Defaulting to string.
/home/chlorine/BidZone_2.0/src/auction/serializers.py: Warning [CustomerViewSet > CustomerSerializer]: unable to resolve type hint for function "email". Consider using a type hint or @extend_schema_field. Defaulting to string.
/home/chlorine/BidZone_2.0/src/auction/serializers.py: Warning [CustomerViewSet > CustomerSerializer]: unable to resolve type hint for function "get_user_balance". Consider using a type hint or @extend_schema_field. Defaulting to string.
/home/chlorine/BidZone_2.0/src/auction/views.py: Warning [AddressViewSet]: could not derive type of path parameter "customer_pk" because it is untyped and obtaining queryset from the viewset failed. Consider adding a type to the path (e.g. <int:customer_pk>) or annotating the parameter type with @extend_schema. Defaulting to "string".
/home/chlorine/BidZone_2.0/src/auction/views.py: Warning [AddressViewSet]: could not derive type of path parameter "id" because it is untyped and obtaining queryset from the viewset failed. Consider adding a type to the path (e.g. <int:id>) or annotating the parameter type with @extend_schema. Defaulting to "string".
/home/chlorine/BidZone_2.0/src/auction/views.py: Warning [CustomerCoinViewSet]: could not derive type of path parameter "customer_pk" because it is untyped and obtaining queryset from the viewset failed. Consider adding a type to the path (e.g. <int:customer_pk>) or annotating the parameter type with @extend_schema. Defaulting to "string".
/home/chlorine/BidZone_2.0/src/auction/views.py: Warning [CustomerCoinViewSet]: could not derive type of path parameter "id" because it is untyped and obtaining queryset from the viewset failed. Consider adding a type to the path (e.g. <int:id>) or annotating the parameter type with @extend_schema. Defaulting to "string".
/home/chlorine/BidZone_2.0/src/auction/views.py: Warning [DeliveryViewSet]: could not derive type of path parameter "customer_pk" because it is untyped and obtaining queryset from the viewset failed. Consider adding a type to the path (e.g. <int:customer_pk>) or annotating the parameter type with @extend_schema. Defaulting to "string".
/home/chlorine/BidZone_2.0/src/auction/views.py: Warning [DeliveryViewSet]: could not derive type of path parameter "id" because it is untyped and obtaining queryset from the viewset failed. Consider adding a type to the path (e.g. <int:id>) or annotating the parameter type with @extend_schema. Defaulting to "string".
/home/chlorine/BidZone_2.0/src/auction/views.py: Warning [ProductImageViewSet]: could not derive type of path parameter "customer_pk" because it is untyped and obtaining queryset from the viewset failed. Consider adding a type to the path (e.g. <int:customer_pk>) or annotating the parameter type with @extend_schema. Defaulting to "string".
/home/chlorine/BidZone_2.0/src/auction/views.py: Warning [ProductImageViewSet]: could not derive type of path parameter "product_pk" because it is untyped and obtaining queryset from the viewset failed. Consider adding a type to the path (e.g. <int:product_pk>) or annotating the parameter type with @extend_schema. Defaulting to "string".
/home/chlorine/BidZone_2.0/src/auction/views.py: Warning [ProductImageViewSet]: could not derive type of path parameter "id" because it is untyped and obtaining queryset from the viewset failed. Consider adding a type to the path (e.g. <int:id>) or annotating the parameter type with @extend_schema. Defaulting to "string".
Not Found: /static/debug_toolbar/css/print.css
/home/chlorine/BidZone_2.0/src/auction/views.py: Warning [ReviewViewSet]: could not derive type of path parameter "customer_pk" because it is untyped and obtaining queryset from the viewset failed. Consider adding a type to the path (e.g. <int:customer_pk>) or annotating the parameter type with @extend_schema. Defaulting to "string".
/home/chlorine/BidZone_2.0/src/auction/views.py: Warning [ReviewViewSet]: could not derive type of path parameter "id" because it is untyped and obtaining queryset from the viewset failed. Consider adding a type to the path (e.g. <int:id>) or annotating the parameter type with @extend_schema. Defaulting to "string".
/home/chlorine/BidZone_2.0/src/auction/views.py: Warning [TransactionViewSet]: could not derive type of path parameter "customer_pk" because model "src.auction.models.Transaction" contained no such field. Consider annotating parameter with @extend_schema. Defaulting to "string".
/home/chlorine/BidZone_2.0/src/auction/views.py: Warning [WishlistItemViewSet]: could not derive type of path parameter "wishlist_pk" because it is untyped and obtaining queryset from the viewset failed. Consider adding a type to the path (e.g. <int:wishlist_pk>) or annotating the parameter type with @extend_schema. Defaulting to "string".
/home/chlorine/BidZone_2.0/src/auction/views.py: Warning [WishlistItemViewSet]: Failed to obtain model through view's queryset due to raised exception. Prevent this either by setting "queryset = Model.objects.none()" on the view, checking for "getattr(self, "swagger_fake_view", False)" in get_queryset() or by simply using @extend_schema. (Exception: 'wishlist_pk')
/home/chlorine/BidZone_2.0/src/auction/views.py: Warning [WishlistItemViewSet]: could not derive type of path parameter "id" because it is untyped and obtaining queryset from the viewset failed. Consider adding a type to the path (e.g. <int:id>) or annotating the parameter type with @extend_schema. Defaulting to "string".
/home/chlorine/BidZone_2.0/src/core/serializers.py: Warning [UserViewSet > UserSerializer]: Encountered 2 components with identical names "User" and different identities <class 'src.core.serializers.UserSerializer'> and <class 'djoser.serializers.UserSerializer'>. This will very likely result in an incorrect schema. Try renaming one.
/home/chlorine/BidZone_2.0/src/core/serializers.py: Warning [UserViewSet > UserSerializer]: Encountered 2 components with identical names "PatchedUser" and different identities <class 'src.core.serializers.UserSerializer'> and <class 'djoser.serializers.UserSerializer'>. This will very likely result in an incorrect schema. Try renaming one.
Warning: operationId "api_auctions_retrieve" has collisions [('/api/auctions/{auction_id}/', 'get'), ('/api/auctions/{id}/', 'get'), ('/api/auctions/{slug}/', 'get')]. resolving with numeral suffixes.
Warning: operationId "api_auctions_update" has collisions [('/api/auctions/{auction_id}/', 'put'), ('/api/auctions/{id}/', 'put')]. resolving with numeral suffixes.
Warning: operationId "api_auctions_destroy" has collisions [('/api/auctions/{auction_id}/', 'delete'), ('/api/auctions/{id}/', 'delete')]. resolving with numeral suffixes.
Warning: operationId "api_collections_retrieve" has collisions [('/api/collections/{id}/', 'get'), ('/api/collections/{slug}/', 'get')]. resolving with numeral suffixes.
Warning: operationId "api_collections_update" has collisions [('/api/collections/{id}/', 'put'), ('/api/collections/{slug}/', 'put')]. resolving with numeral suffixes.
Warning: operationId "api_collections_destroy" has collisions [('/api/collections/{id}/', 'delete'), ('/api/collections/{slug}/', 'delete')]. resolving with numeral suffixes.
[2024-12-25 15:35:33 +0545] [25135] [INFO] Handling signal: int
[2024-12-25 09:50:34 +0000] [25157] [INFO] Worker exiting (pid: 25157)
[2024-12-25 09:50:34 +0000] [25136] [INFO] Worker exiting (pid: 25136)
[2024-12-25 09:50:34 +0000] [25215] [INFO] Worker exiting (pid: 25215)
[2024-12-25 09:50:34 +0000] [25172] [INFO] Worker exiting (pid: 25172)
[2024-12-25 09:50:34 +0000] [25232] [INFO] Worker exiting (pid: 25232)
[2024-12-25 09:50:34 +0000] [25210] [INFO] Worker exiting (pid: 25210)
[2024-12-25 09:50:34 +0000] [25226] [INFO] Worker exiting (pid: 25226)
[2024-12-25 09:50:34 +0000] [25158] [INFO] Worker exiting (pid: 25158)
[2024-12-25 09:50:34 +0000] [25146] [INFO] Worker exiting (pid: 25146)
[2024-12-25 09:50:34 +0000] [25138] [INFO] Worker exiting (pid: 25138)
[2024-12-25 09:50:34 +0000] [25207] [INFO] Worker exiting (pid: 25207)
[2024-12-25 09:50:34 +0000] [25222] [INFO] Worker exiting (pid: 25222)
[2024-12-25 09:50:34 +0000] [25212] [INFO] Worker exiting (pid: 25212)
[2024-12-25 09:50:34 +0000] [25162] [INFO] Worker exiting (pid: 25162)
[2024-12-25 09:50:34 +0000] [25148] [INFO] Worker exiting (pid: 25148)
[2024-12-25 09:50:34 +0000] [25164] [INFO] Worker exiting (pid: 25164)
[2024-12-25 09:50:34 +0000] [25152] [INFO] Worker exiting (pid: 25152)
[2024-12-25 09:50:34 +0000] [25161] [INFO] Worker exiting (pid: 25161)
[2024-12-25 09:50:34 +0000] [25151] [INFO] Worker exiting (pid: 25151)
[2024-12-25 09:50:34 +0000] [25168] [INFO] Worker exiting (pid: 25168)
[2024-12-25 09:50:34 +0000] [25145] [INFO] Worker exiting (pid: 25145)
[2024-12-25 09:50:34 +0000] [25211] [INFO] Worker exiting (pid: 25211)
[2024-12-25 09:50:34 +0000] [25171] [INFO] Worker exiting (pid: 25171)
[2024-12-25 09:50:34 +0000] [25218] [INFO] Worker exiting (pid: 25218)
[2024-12-25 09:50:34 +0000] [25223] [INFO] Worker exiting (pid: 25223)
[2024-12-25 09:50:34 +0000] [25155] [INFO] Worker exiting (pid: 25155)
[2024-12-25 09:50:34 +0000] [25176] [INFO] Worker exiting (pid: 25176)
[2024-12-25 09:50:34 +0000] [25217] [INFO] Worker exiting (pid: 25217)
[2024-12-25 09:50:34 +0000] [25202] [INFO] Worker exiting (pid: 25202)
[2024-12-25 09:50:34 +0000] [25230] [INFO] Worker exiting (pid: 25230)
[2024-12-25 09:50:34 +0000] [25167] [INFO] Worker exiting (pid: 25167)
[2024-12-25 09:50:34 +0000] [25141] [INFO] Worker exiting (pid: 25141)
[2024-12-25 09:50:34 +0000] [25213] [INFO] Worker exiting (pid: 25213)
[2024-12-25 15:35:35 +0545] [25135] [INFO] Shutting down: Master
[2024-12-25 15:43:58 +0545] [28911] [INFO] Starting gunicorn 23.0.0
[2024-12-25 15:43:58 +0545] [28911] [INFO] Listening at: http://0.0.0.0:8000 (28911)
[2024-12-25 15:43:58 +0545] [28911] [INFO] Using worker: sync
[2024-12-25 15:43:58 +0545] [28912] [INFO] Booting worker with pid: 28912
[2024-12-25 15:43:58 +0545] [28913] [INFO] Booting worker with pid: 28913
[2024-12-25 15:43:59 +0545] [28914] [INFO] Booting worker with pid: 28914
[2024-12-25 15:43:59 +0545] [28915] [INFO] Booting worker with pid: 28915
[2024-12-25 15:43:59 +0545] [28916] [INFO] Booting worker with pid: 28916
[2024-12-25 15:43:59 +0545] [28917] [INFO] Booting worker with pid: 28917
[2024-12-25 15:43:59 +0545] [28918] [INFO] Booting worker with pid: 28918
[2024-12-25 15:43:59 +0545] [28919] [INFO] Booting worker with pid: 28919
[2024-12-25 15:43:59 +0545] [28920] [INFO] Booting worker with pid: 28920
[2024-12-25 15:43:59 +0545] [28928] [INFO] Booting worker with pid: 28928
[2024-12-25 15:43:59 +0545] [28929] [INFO] Booting worker with pid: 28929
[2024-12-25 15:43:59 +0545] [28930] [INFO] Booting worker with pid: 28930
[2024-12-25 15:43:59 +0545] [28931] [INFO] Booting worker with pid: 28931
[2024-12-25 15:43:59 +0545] [28932] [INFO] Booting worker with pid: 28932
[2024-12-25 15:43:59 +0545] [28933] [INFO] Booting worker with pid: 28933
[2024-12-25 15:43:59 +0545] [28934] [INFO] Booting worker with pid: 28934
[2024-12-25 15:43:59 +0545] [28935] [INFO] Booting worker with pid: 28935
[2024-12-25 15:43:59 +0545] [28936] [INFO] Booting worker with pid: 28936
[2024-12-25 15:43:59 +0545] [28937] [INFO] Booting worker with pid: 28937
[2024-12-25 15:43:59 +0545] [28942] [INFO] Booting worker with pid: 28942
[2024-12-25 15:43:59 +0545] [28970] [INFO] Booting worker with pid: 28970
[2024-12-25 15:44:00 +0545] [28971] [INFO] Booting worker with pid: 28971
[2024-12-25 15:44:00 +0545] [28972] [INFO] Booting worker with pid: 28972
[2024-12-25 15:44:00 +0545] [28973] [INFO] Booting worker with pid: 28973
[2024-12-25 15:44:00 +0545] [28974] [INFO] Booting worker with pid: 28974
[2024-12-25 15:44:00 +0545] [28978] [INFO] Booting worker with pid: 28978
[2024-12-25 15:44:00 +0545] [28982] [INFO] Booting worker with pid: 28982
[2024-12-25 15:44:00 +0545] [28983] [INFO] Booting worker with pid: 28983
[2024-12-25 15:44:00 +0545] [28984] [INFO] Booting worker with pid: 28984
[2024-12-25 15:44:00 +0545] [28985] [INFO] Booting worker with pid: 28985
[2024-12-25 15:44:00 +0545] [28986] [INFO] Booting worker with pid: 28986
[2024-12-25 15:44:00 +0545] [28987] [INFO] Booting worker with pid: 28987
[2024-12-25 15:44:00 +0545] [28988] [INFO] Booting worker with pid: 28988
[2024-12-25 15:44:07 +0545] [28911] [INFO] Handling signal: int
[2024-12-25 09:59:07 +0000] [28972] [INFO] Worker exiting (pid: 28972)
[2024-12-25 09:59:07 +0000] [28914] [INFO] Worker exiting (pid: 28914)
[2024-12-25 09:59:07 +0000] [28928] [INFO] Worker exiting (pid: 28928)
[2024-12-25 09:59:07 +0000] [28932] [INFO] Worker exiting (pid: 28932)
[2024-12-25 09:59:07 +0000] [28915] [INFO] Worker exiting (pid: 28915)
[2024-12-25 09:59:07 +0000] [28933] [INFO] Worker exiting (pid: 28933)
[2024-12-25 09:59:07 +0000] [28935] [INFO] Worker exiting (pid: 28935)
[2024-12-25 09:59:07 +0000] [28984] [INFO] Worker exiting (pid: 28984)
[2024-12-25 09:59:07 +0000] [28936] [INFO] Worker exiting (pid: 28936)
[2024-12-25 09:59:07 +0000] [28917] [INFO] Worker exiting (pid: 28917)
[2024-12-25 09:59:07 +0000] [28931] [INFO] Worker exiting (pid: 28931)
[2024-12-25 09:59:07 +0000] [28987] [INFO] Worker exiting (pid: 28987)
[2024-12-25 09:59:07 +0000] [28978] [INFO] Worker exiting (pid: 28978)
[2024-12-25 09:59:07 +0000] [28971] [INFO] Worker exiting (pid: 28971)
[2024-12-25 09:59:07 +0000] [28982] [INFO] Worker exiting (pid: 28982)
[2024-12-25 09:59:07 +0000] [28934] [INFO] Worker exiting (pid: 28934)
[2024-12-25 09:59:07 +0000] [28985] [INFO] Worker exiting (pid: 28985)
[2024-12-25 09:59:07 +0000] [28919] [INFO] Worker exiting (pid: 28919)
[2024-12-25 09:59:07 +0000] [28916] [INFO] Worker exiting (pid: 28916)
[2024-12-25 09:59:07 +0000] [28974] [INFO] Worker exiting (pid: 28974)
[2024-12-25 09:59:07 +0000] [28913] [INFO] Worker exiting (pid: 28913)
[2024-12-25 09:59:07 +0000] [28983] [INFO] Worker exiting (pid: 28983)
[2024-12-25 09:59:07 +0000] [28929] [INFO] Worker exiting (pid: 28929)
[2024-12-25 09:59:07 +0000] [28918] [INFO] Worker exiting (pid: 28918)
[2024-12-25 09:59:07 +0000] [28920] [INFO] Worker exiting (pid: 28920)
[2024-12-25 09:59:07 +0000] [28930] [INFO] Worker exiting (pid: 28930)
[2024-12-25 09:59:07 +0000] [28988] [INFO] Worker exiting (pid: 28988)
[2024-12-25 09:59:07 +0000] [28912] [INFO] Worker exiting (pid: 28912)
[2024-12-25 09:59:07 +0000] [28937] [INFO] Worker exiting (pid: 28937)
[2024-12-25 09:59:07 +0000] [28970] [INFO] Worker exiting (pid: 28970)
[2024-12-25 09:59:07 +0000] [28942] [INFO] Worker exiting (pid: 28942)
[2024-12-25 09:59:07 +0000] [28973] [INFO] Worker exiting (pid: 28973)
[2024-12-25 09:59:07 +0000] [28986] [INFO] Worker exiting (pid: 28986)
[2024-12-25 15:44:08 +0545] [28911] [INFO] Shutting down: Master
[2024-12-25 15:44:10 +0545] [29200] [INFO] Starting gunicorn 23.0.0
[2024-12-25 15:44:10 +0545] [29200] [INFO] Listening at: http://0.0.0.0:8000 (29200)
[2024-12-25 15:44:10 +0545] [29200] [INFO] Using worker: sync
[2024-12-25 15:44:10 +0545] [29201] [INFO] Booting worker with pid: 29201
[2024-12-25 15:44:10 +0545] [29202] [INFO] Booting worker with pid: 29202
[2024-12-25 15:44:10 +0545] [29203] [INFO] Booting worker with pid: 29203
[2024-12-25 15:44:10 +0545] [29204] [INFO] Booting worker with pid: 29204
[2024-12-25 15:44:10 +0545] [29205] [INFO] Booting worker with pid: 29205
[2024-12-25 15:44:11 +0545] [29206] [INFO] Booting worker with pid: 29206
[2024-12-25 15:44:11 +0545] [29207] [INFO] Booting worker with pid: 29207
[2024-12-25 15:44:11 +0545] [29208] [INFO] Booting worker with pid: 29208
[2024-12-25 15:44:11 +0545] [29209] [INFO] Booting worker with pid: 29209
[2024-12-25 15:44:11 +0545] [29210] [INFO] Booting worker with pid: 29210
[2024-12-25 15:44:11 +0545] [29211] [INFO] Booting worker with pid: 29211
[2024-12-25 15:44:11 +0545] [29212] [INFO] Booting worker with pid: 29212
[2024-12-25 15:44:11 +0545] [29213] [INFO] Booting worker with pid: 29213
[2024-12-25 15:44:11 +0545] [29214] [INFO] Booting worker with pid: 29214
[2024-12-25 15:44:11 +0545] [29215] [INFO] Booting worker with pid: 29215
[2024-12-25 15:44:11 +0545] [29216] [INFO] Booting worker with pid: 29216
[2024-12-25 15:44:11 +0545] [29217] [INFO] Booting worker with pid: 29217
[2024-12-25 15:44:11 +0545] [29218] [INFO] Booting worker with pid: 29218
[2024-12-25 15:44:11 +0545] [29223] [INFO] Booting worker with pid: 29223
[2024-12-25 15:44:11 +0545] [29251] [INFO] Booting worker with pid: 29251
[2024-12-25 15:44:11 +0545] [29252] [INFO] Booting worker with pid: 29252
[2024-12-25 15:44:11 +0545] [29253] [INFO] Booting worker with pid: 29253
[2024-12-25 15:44:11 +0545] [29254] [INFO] Booting worker with pid: 29254
[2024-12-25 15:44:12 +0545] [29255] [INFO] Booting worker with pid: 29255
[2024-12-25 15:44:12 +0545] [29256] [INFO] Booting worker with pid: 29256
[2024-12-25 15:44:12 +0545] [29257] [INFO] Booting worker with pid: 29257
[2024-12-25 15:44:12 +0545] [29258] [INFO] Booting worker with pid: 29258
[2024-12-25 15:44:12 +0545] [29259] [INFO] Booting worker with pid: 29259
[2024-12-25 15:44:12 +0545] [29260] [INFO] Booting worker with pid: 29260
[2024-12-25 15:44:12 +0545] [29261] [INFO] Booting worker with pid: 29261
[2024-12-25 15:44:12 +0545] [29262] [INFO] Booting worker with pid: 29262
[2024-12-25 15:44:12 +0545] [29263] [INFO] Booting worker with pid: 29263
[2024-12-25 15:44:12 +0545] [29264] [INFO] Booting worker with pid: 29264
Not Found: /static/debug_toolbar/css/print.css
Not Found: /static/debug_toolbar/js/toolbar.js
Not Found: /static/debug_toolbar/css/toolbar.css
Not Found: /static/debug_toolbar/js/timer.js
/home/chlorine/BidZone_2.0/src/auction/serializers.py: Warning [AuctionViewSet > AuctionSerializer > SimpleProductSerializer > SimpleCustomerSerializer]: unable to resolve type hint for function "first_name". Consider using a type hint or @extend_schema_field. Defaulting to string.
/home/chlorine/BidZone_2.0/src/auction/serializers.py: Warning [AuctionViewSet > AuctionSerializer > SimpleProductSerializer > SimpleCustomerSerializer]: unable to resolve type hint for function "last_name". Consider using a type hint or @extend_schema_field. Defaulting to string.
/home/chlorine/BidZone_2.0/src/auction/views.py: Warning [BidsViewSet]: could not derive type of path parameter "auction_pk" because it is untyped and obtaining queryset from the viewset failed. Consider adding a type to the path (e.g. <int:auction_pk>) or annotating the parameter type with @extend_schema. Defaulting to "string".
/home/chlorine/BidZone_2.0/src/auction/serializers.py: Warning [BidsViewSet > BidsSerializer > BidsCustomerSerializer]: unable to resolve type hint for function "first_name". Consider using a type hint or @extend_schema_field. Defaulting to string.
/home/chlorine/BidZone_2.0/src/auction/views.py: Warning [BidsViewSet]: could not derive type of path parameter "id" because it is untyped and obtaining queryset from the viewset failed. Consider adding a type to the path (e.g. <int:id>) or annotating the parameter type with @extend_schema. Defaulting to "string".
/home/chlorine/BidZone_2.0/src/auction/views.py: Warning [AuctionQuestionViewSet]: could not derive type of path parameter "auction_pk" because it is untyped and obtaining queryset from the viewset failed. Consider adding a type to the path (e.g. <int:auction_pk>) or annotating the parameter type with @extend_schema. Defaulting to "string".
/home/chlorine/BidZone_2.0/src/auction/views.py: Warning [AuctionQuestionViewSet]: could not derive type of path parameter "id" because it is untyped and obtaining queryset from the viewset failed. Consider adding a type to the path (e.g. <int:id>) or annotating the parameter type with @extend_schema. Defaulting to "string".
/home/chlorine/BidZone_2.0/src/auction/views.py: Warning [AuctionAnswerViewSet]: could not derive type of path parameter "auction_pk" because it is untyped and obtaining queryset from the viewset failed. Consider adding a type to the path (e.g. <int:auction_pk>) or annotating the parameter type with @extend_schema. Defaulting to "string".
/home/chlorine/BidZone_2.0/src/auction/views.py: Warning [AuctionAnswerViewSet]: could not derive type of path parameter "question_pk" because it is untyped and obtaining queryset from the viewset failed. Consider adding a type to the path (e.g. <int:question_pk>) or annotating the parameter type with @extend_schema. Defaulting to "string".
/home/chlorine/BidZone_2.0/src/auction/views.py: Warning [AuctionAnswerViewSet]: could not derive type of path parameter "id" because it is untyped and obtaining queryset from the viewset failed. Consider adding a type to the path (e.g. <int:id>) or annotating the parameter type with @extend_schema. Defaulting to "string".
/home/chlorine/BidZone_2.0/src/auction/serializers.py: Warning [CustomerViewSet > CustomerSerializer]: unable to resolve type hint for function "first_name". Consider using a type hint or @extend_schema_field. Defaulting to string.
/home/chlorine/BidZone_2.0/src/auction/serializers.py: Warning [CustomerViewSet > CustomerSerializer]: unable to resolve type hint for function "last_name". Consider using a type hint or @extend_schema_field. Defaulting to string.
/home/chlorine/BidZone_2.0/src/auction/serializers.py: Warning [CustomerViewSet > CustomerSerializer]: unable to resolve type hint for function "username". Consider using a type hint or @extend_schema_field. Defaulting to string.
/home/chlorine/BidZone_2.0/src/auction/serializers.py: Warning [CustomerViewSet > CustomerSerializer]: unable to resolve type hint for function "email". Consider using a type hint or @extend_schema_field. Defaulting to string.
/home/chlorine/BidZone_2.0/src/auction/serializers.py: Warning [CustomerViewSet > CustomerSerializer]: unable to resolve type hint for function "get_user_balance". Consider using a type hint or @extend_schema_field. Defaulting to string.
/home/chlorine/BidZone_2.0/src/auction/views.py: Warning [AddressViewSet]: could not derive type of path parameter "customer_pk" because it is untyped and obtaining queryset from the viewset failed. Consider adding a type to the path (e.g. <int:customer_pk>) or annotating the parameter type with @extend_schema. Defaulting to "string".
/home/chlorine/BidZone_2.0/src/auction/views.py: Warning [AddressViewSet]: could not derive type of path parameter "id" because it is untyped and obtaining queryset from the viewset failed. Consider adding a type to the path (e.g. <int:id>) or annotating the parameter type with @extend_schema. Defaulting to "string".
/home/chlorine/BidZone_2.0/src/auction/views.py: Warning [CustomerCoinViewSet]: could not derive type of path parameter "customer_pk" because it is untyped and obtaining queryset from the viewset failed. Consider adding a type to the path (e.g. <int:customer_pk>) or annotating the parameter type with @extend_schema. Defaulting to "string".
/home/chlorine/BidZone_2.0/src/auction/views.py: Warning [CustomerCoinViewSet]: could not derive type of path parameter "id" because it is untyped and obtaining queryset from the viewset failed. Consider adding a type to the path (e.g. <int:id>) or annotating the parameter type with @extend_schema. Defaulting to "string".
/home/chlorine/BidZone_2.0/src/auction/views.py: Warning [DeliveryViewSet]: could not derive type of path parameter "customer_pk" because it is untyped and obtaining queryset from the viewset failed. Consider adding a type to the path (e.g. <int:customer_pk>) or annotating the parameter type with @extend_schema. Defaulting to "string".
/home/chlorine/BidZone_2.0/src/auction/views.py: Warning [DeliveryViewSet]: could not derive type of path parameter "id" because it is untyped and obtaining queryset from the viewset failed. Consider adding a type to the path (e.g. <int:id>) or annotating the parameter type with @extend_schema. Defaulting to "string".
/home/chlorine/BidZone_2.0/src/auction/views.py: Warning [ProductImageViewSet]: could not derive type of path parameter "customer_pk" because it is untyped and obtaining queryset from the viewset failed. Consider adding a type to the path (e.g. <int:customer_pk>) or annotating the parameter type with @extend_schema. Defaulting to "string".
/home/chlorine/BidZone_2.0/src/auction/views.py: Warning [ProductImageViewSet]: could not derive type of path parameter "product_pk" because it is untyped and obtaining queryset from the viewset failed. Consider adding a type to the path (e.g. <int:product_pk>) or annotating the parameter type with @extend_schema. Defaulting to "string".
/home/chlorine/BidZone_2.0/src/auction/views.py: Warning [ProductImageViewSet]: could not derive type of path parameter "id" because it is untyped and obtaining queryset from the viewset failed. Consider adding a type to the path (e.g. <int:id>) or annotating the parameter type with @extend_schema. Defaulting to "string".
/home/chlorine/BidZone_2.0/src/auction/views.py: Warning [ReviewViewSet]: could not derive type of path parameter "customer_pk" because it is untyped and obtaining queryset from the viewset failed. Consider adding a type to the path (e.g. <int:customer_pk>) or annotating the parameter type with @extend_schema. Defaulting to "string".
/home/chlorine/BidZone_2.0/src/auction/views.py: Warning [ReviewViewSet]: could not derive type of path parameter "id" because it is untyped and obtaining queryset from the viewset failed. Consider adding a type to the path (e.g. <int:id>) or annotating the parameter type with @extend_schema. Defaulting to "string".
/home/chlorine/BidZone_2.0/src/auction/views.py: Warning [TransactionViewSet]: could not derive type of path parameter "customer_pk" because model "src.auction.models.Transaction" contained no such field. Consider annotating parameter with @extend_schema. Defaulting to "string".
/home/chlorine/BidZone_2.0/src/auction/views.py: Warning [WishlistItemViewSet]: could not derive type of path parameter "wishlist_pk" because it is untyped and obtaining queryset from the viewset failed. Consider adding a type to the path (e.g. <int:wishlist_pk>) or annotating the parameter type with @extend_schema. Defaulting to "string".
/home/chlorine/BidZone_2.0/src/auction/views.py: Warning [WishlistItemViewSet]: Failed to obtain model through view's queryset due to raised exception. Prevent this either by setting "queryset = Model.objects.none()" on the view, checking for "getattr(self, "swagger_fake_view", False)" in get_queryset() or by simply using @extend_schema. (Exception: 'wishlist_pk')
/home/chlorine/BidZone_2.0/src/auction/views.py: Warning [WishlistItemViewSet]: could not derive type of path parameter "id" because it is untyped and obtaining queryset from the viewset failed. Consider adding a type to the path (e.g. <int:id>) or annotating the parameter type with @extend_schema. Defaulting to "string".
/home/chlorine/BidZone_2.0/src/core/serializers.py: Warning [UserViewSet > UserSerializer]: Encountered 2 components with identical names "User" and different identities <class 'src.core.serializers.UserSerializer'> and <class 'djoser.serializers.UserSerializer'>. This will very likely result in an incorrect schema. Try renaming one.
/home/chlorine/BidZone_2.0/src/core/serializers.py: Warning [UserViewSet > UserSerializer]: Encountered 2 components with identical names "PatchedUser" and different identities <class 'src.core.serializers.UserSerializer'> and <class 'djoser.serializers.UserSerializer'>. This will very likely result in an incorrect schema. Try renaming one.
Warning: operationId "api_auctions_retrieve" has collisions [('/api/auctions/{auction_id}/', 'get'), ('/api/auctions/{id}/', 'get'), ('/api/auctions/{slug}/', 'get')]. resolving with numeral suffixes.
Warning: operationId "api_auctions_update" has collisions [('/api/auctions/{auction_id}/', 'put'), ('/api/auctions/{id}/', 'put')]. resolving with numeral suffixes.
Warning: operationId "api_auctions_destroy" has collisions [('/api/auctions/{auction_id}/', 'delete'), ('/api/auctions/{id}/', 'delete')]. resolving with numeral suffixes.
Warning: operationId "api_collections_retrieve" has collisions [('/api/collections/{id}/', 'get'), ('/api/collections/{slug}/', 'get')]. resolving with numeral suffixes.
Warning: operationId "api_collections_update" has collisions [('/api/collections/{id}/', 'put'), ('/api/collections/{slug}/', 'put')]. resolving with numeral suffixes.
Warning: operationId "api_collections_destroy" has collisions [('/api/collections/{id}/', 'delete'), ('/api/collections/{slug}/', 'delete')]. resolving with numeral suffixes.
[2024-12-25 15:47:21 +0545] [29200] [INFO] Handling signal: int
[2024-12-25 10:02:21 +0000] [29255] [INFO] Worker exiting (pid: 29255)
[2024-12-25 10:02:21 +0000] [29209] [INFO] Worker exiting (pid: 29209)
[2024-12-25 10:02:21 +0000] [29203] [INFO] Worker exiting (pid: 29203)
[2024-12-25 10:02:21 +0000] [29217] [INFO] Worker exiting (pid: 29217)
[2024-12-25 10:02:21 +0000] [29206] [INFO] Worker exiting (pid: 29206)
[2024-12-25 10:02:21 +0000] [29202] [INFO] Worker exiting (pid: 29202)
[2024-12-25 10:02:21 +0000] [29253] [INFO] Worker exiting (pid: 29253)
[2024-12-25 10:02:21 +0000] [29211] [INFO] Worker exiting (pid: 29211)
[2024-12-25 10:02:21 +0000] [29207] [INFO] Worker exiting (pid: 29207)
[2024-12-25 10:02:21 +0000] [29223] [INFO] Worker exiting (pid: 29223)
[2024-12-25 10:02:21 +0000] [29215] [INFO] Worker exiting (pid: 29215)
[2024-12-25 10:02:21 +0000] [29260] [INFO] Worker exiting (pid: 29260)
[2024-12-25 10:02:21 +0000] [29258] [INFO] Worker exiting (pid: 29258)
[2024-12-25 10:02:21 +0000] [29201] [INFO] Worker exiting (pid: 29201)
[2024-12-25 10:02:21 +0000] [29204] [INFO] Worker exiting (pid: 29204)
[2024-12-25 10:02:21 +0000] [29261] [INFO] Worker exiting (pid: 29261)
[2024-12-25 10:02:21 +0000] [29256] [INFO] Worker exiting (pid: 29256)
[2024-12-25 10:02:21 +0000] [29216] [INFO] Worker exiting (pid: 29216)
[2024-12-25 10:02:21 +0000] [29214] [INFO] Worker exiting (pid: 29214)
[2024-12-25 10:02:21 +0000] [29205] [INFO] Worker exiting (pid: 29205)
[2024-12-25 10:02:21 +0000] [29208] [INFO] Worker exiting (pid: 29208)
[2024-12-25 10:02:21 +0000] [29212] [INFO] Worker exiting (pid: 29212)
[2024-12-25 10:02:21 +0000] [29254] [INFO] Worker exiting (pid: 29254)
[2024-12-25 10:02:21 +0000] [29210] [INFO] Worker exiting (pid: 29210)
[2024-12-25 10:02:21 +0000] [29259] [INFO] Worker exiting (pid: 29259)
[2024-12-25 10:02:21 +0000] [29263] [INFO] Worker exiting (pid: 29263)
[2024-12-25 10:02:21 +0000] [29264] [INFO] Worker exiting (pid: 29264)
[2024-12-25 10:02:21 +0000] [29251] [INFO] Worker exiting (pid: 29251)
[2024-12-25 10:02:21 +0000] [29213] [INFO] Worker exiting (pid: 29213)
[2024-12-25 10:02:21 +0000] [29252] [INFO] Worker exiting (pid: 29252)
[2024-12-25 10:02:21 +0000] [29257] [INFO] Worker exiting (pid: 29257)
[2024-12-25 10:02:21 +0000] [29262] [INFO] Worker exiting (pid: 29262)
[2024-12-25 10:02:21 +0000] [29218] [INFO] Worker exiting (pid: 29218)
[2024-12-25 15:47:22 +0545] [29200] [INFO] Shutting down: Master
